seconds,x,z,yaw_radians,speed_mps,distance_m,step_distance_m
0.0166667,-4.99994,-3.99979,-2.88156,0.0266667,0.000222305,0.000222305
0.0333333,-4.99977,-3.99914,-2.88156,0.0533333,0.000888869,0.000666563
0.05,-4.99949,-3.99807,-2.88156,0.08,0.00200004,0.00111117
0.0666667,-4.99909,-3.99656,-2.88156,0.106667,0.0035556,0.00155555
0.0833333,-4.99857,-3.99463,-2.88156,0.133333,0.00555564,0.00200004
0.1,-4.99794,-3.99227,-2.88156,0.16,0.00800006,0.00244442
0.116667,-4.9972,-3.98948,-2.88156,0.186667,0.0108891,0.00288903
0.133333,-4.99634,-3.98626,-2.88156,0.213333,0.0142224,0.00333329
0.15,-4.99537,-3.9826,-2.88156,0.24,0.0180001,0.00377767
0.166667,-4.99429,-3.97852,-2.88156,0.266667,0.0222223,0.00422228
0.183333,-4.99309,-3.97401,-2.88156,0.293333,0.0268889,0.00466654
0.2,-4.99177,-3.96908,-2.88156,0.32,0.032,0.00511115
0.216667,-4.99034,-3.96371,-2.88156,0.346667,0.0375556,0.00555553
0.233333,-4.9888,-3.95791,-2.88156,0.373333,0.0435556,0.00600002
0.25,-4.98714,-3.95168,-2.88156,0.4,0.05,0.0064444
0.266667,-4.98537,-3.94502,-2.88156,0.426667,0.0568889,0.00688889
0.283333,-4.98349,-3.93794,-2.88156,0.453333,0.0642222,0.00733327
0.3,-4.98149,-3.93042,-2.88156,0.48,0.072,0.00777788
0.316667,-4.97937,-3.92247,-2.88156,0.506667,0.0802222,0.00822214
0.333333,-4.97715,-3.9141,-2.88156,0.533333,0.0888889,0.00866675
0.35,-4.9748,-3.90529,-2.88156,0.56,0.0980001,0.00911113
0.366667,-4.97235,-3.89606,-2.88156,0.586667,0.107556,0.00955562
0.383333,-4.96978,-3.8864,-2.88156,0.613333,0.117556,0.01
0.4,-4.96709,-3.8763,-2.88156,0.64,0.128,0.0104444
0.416667,-4.96429,-3.86578,-2.88156,0.666667,0.138889,0.0108889
0.433333,-4.96138,-3.85483,-2.88156,0.693333,0.150222,0.0113332
0.45,-4.95835,-3.84345,-2.88156,0.72,0.162,0.0117779
0.466667,-4.95521,-3.83163,-2.88156,0.746666,0.174222,0.0122221
0.483333,-4.95195,-3.81939,-2.88156,0.773333,0.186889,0.0126667
0.5,-4.94858,-3.80672,-2.88156,0.8,0.2,0.0131111
0.516667,-4.94509,-3.79362,-2.88156,0.826666,0.213556,0.0135556
0.533333,-4.94149,-3.78009,-2.88156,0.853333,0.227556,0.014
0.55,-4.93778,-3.76614,-2.88156,0.88,0.242,0.0144445
0.566667,-4.93397,-3.7518,-2.88156,0.9,0.256833,0.0148333
0.583333,-4.93011,-3.73731,-2.88156,0.9,0.271833,0.0149999
0.6,-4.92625,-3.72281,-2.88156,0.9,0.286833,0.0149999
0.616667,-4.9224,-3.70831,-2.88156,0.9,0.301833,0.0149999
0.633333,-4.91854,-3.69382,-2.88156,0.9,0.316833,0.0149999
0.65,-4.91468,-3.67932,-2.88156,0.9,0.331833,0.0149999
0.666667,-4.91083,-3.66483,-2.88156,0.9,0.346833,0.0149999
0.683333,-4.90697,-3.65033,-2.88156,0.9,0.361833,0.0149999
0.7,-4.90311,-3.63584,-2.88156,0.9,0.376833,0.0149999
0.716667,-4.89926,-3.62134,-2.88156,0.9,0.391833,0.0149999
0.733333,-4.8954,-3.60684,-2.88156,0.9,0.406832,0.0149999
0.75,-4.89154,-3.59235,-2.88156,0.9,0.421832,0.0149999
0.766667,-4.88769,-3.57785,-2.88156,0.9,0.436832,0.0149999
0.783333,-4.88383,-3.56336,-2.88156,0.9,0.451832,0.0149999
0.8,-4.87997,-3.54886,-2.88156,0.9,0.466832,0.0150001
0.816667,-4.87612,-3.53437,-2.88156,0.9,0.481832,0.0150001
0.833333,-4.87226,-3.51987,-2.88156,0.9,0.496832,0.0150001
0.85,-4.8684,-3.50537,-2.88156,0.9,0.511833,0.0150001
0.866667,-4.86455,-3.49088,-2.88156,0.9,0.526833,0.0150001
0.883333,-4.86069,-3.47638,-2.88156,0.9,0.541833,0.0149999
0.9,-4.85683,-3.46189,-2.88156,0.9,0.556832,0.0149999
0.916667,-4.85298,-3.44739,-2.88156,0.9,0.571832,0.0149999
0.933333,-4.84912,-3.4329,-2.88156,0.9,0.586832,0.0149999
0.95,-4.84526,-3.4184,-2.88156,0.9,0.601832,0.0150001
0.966667,-4.84141,-3.4039,-2.88156,0.9,0.616832,0.0150001
0.983333,-4.83755,-3.38941,-2.88156,0.9,0.631832,0.0149999
1,-4.83369,-3.37491,-2.88156,0.9,0.646832,0.0149999
1.01667,-4.82984,-3.36042,-2.88156,0.9,0.661832,0.0150001
1.03333,-4.82598,-3.34592,-2.88156,0.9,0.676832,0.0150001
1.05,-4.82212,-3.33143,-2.88156,0.9,0.691832,0.0150001
1.06667,-4.81827,-3.31693,-2.88156,0.9,0.706832,0.0150001
1.08333,-4.81441,-3.30243,-2.88156,0.9,0.721833,0.0150001
1.1,-4.81055,-3.28794,-2.88156,0.9,0.736832,0.0149999
1.11667,-4.8067,-3.27344,-2.88156,0.9,0.751832,0.0149999
1.13333,-4.80284,-3.25895,-2.88156,0.9,0.766832,0.0149999
1.15,-4.79898,-3.24445,-2.88156,0.9,0.781832,0.0149999
1.16667,-4.79513,-3.22996,-2.88156,0.9,0.796832,0.0149999
1.18333,-4.79127,-3.21546,-2.88156,0.9,0.811832,0.0149999
1.2,-4.78741,-3.20096,-2.88156,0.9,0.826832,0.0149999
1.21667,-4.78356,-3.18647,-2.88156,0.9,0.841832,0.0149999
1.23333,-4.7797,-3.17197,-2.88156,0.9,0.856831,0.0149999
1.25,-4.77584,-3.15748,-2.88156,0.9,0.871831,0.0149999
1.26667,-4.77199,-3.14298,-2.88156,0.9,0.886831,0.0150001
1.28333,-4.76813,-3.12849,-2.88156,0.9,0.901831,0.0150001
1.3,-4.76427,-3.11399,-2.88156,0.9,0.916832,0.0150001
1.31667,-4.76042,-3.09949,-2.88156,0.9,0.931832,0.0150001
1.33333,-4.75656,-3.085,-2.88156,0.9,0.946832,0.0149999
1.35,-4.7527,-3.0705,-2.88156,0.9,0.961831,0.0149999
1.36667,-4.74885,-3.05601,-2.88156,0.9,0.976831,0.0149999
1.38333,-4.74499,-3.04151,-2.88156,0.9,0.991831,0.0149999
1.4,-4.74113,-3.02702,-2.88156,0.9,1.00683,0.0150001
1.41667,-4.73728,-3.01252,-2.88156,0.9,1.02183,0.0149999
1.43333,-4.73342,-2.99802,-2.88156,0.9,1.03683,0.0149999
1.45,-4.72956,-2.98353,-2.88156,0.9,1.05183,0.0149999
1.46667,-4.72571,-2.96903,-2.88156,0.9,1.06683,0.0149999
1.48333,-4.72185,-2.95454,-2.88156,0.9,1.08183,0.0149999
1.5,-4.71799,-2.94004,-2.88156,0.9,1.09683,0.0149999
1.51667,-4.71414,-2.92555,-2.88156,0.9,1.11183,0.0150001
1.53333,-4.71028,-2.91105,-2.88156,0.9,1.12683,0.0150001
1.55,-4.70642,-2.89655,-2.88156,0.9,1.14183,0.0150001
1.56667,-4.70257,-2.88206,-2.88156,0.9,1.15683,0.0150001
1.58333,-4.69871,-2.86756,-2.88156,0.9,1.17183,0.0149999
1.6,-4.69485,-2.85307,-2.88156,0.9,1.18683,0.0149999
1.61667,-4.691,-2.83857,-2.88156,0.9,1.20183,0.0150001
1.63333,-4.68714,-2.82408,-2.88156,0.9,1.21683,0.0150001
1.65,-4.68328,-2.80958,-2.88156,0.9,1.23183,0.0150001
1.66667,-4.67943,-2.79508,-2.88156,0.9,1.24683,0.0149999
1.68333,-4.67557,-2.78059,-2.88156,0.9,1.26183,0.0149999
1.7,-4.67171,-2.76609,-2.88156,0.9,1.27683,0.0149999
1.71667,-4.66786,-2.7516,-2.88156,0.9,1.29183,0.0149999
1.73333,-4.664,-2.7371,-2.88156,0.9,1.30683,0.0149999
1.75,-4.66014,-2.72261,-2.88156,0.9,1.32183,0.0149999
1.76667,-4.65629,-2.70811,-2.88156,0.9,1.33683,0.0149999
1.78333,-4.65243,-2.69362,-2.88156,0.9,1.35183,0.0149999
1.8,-4.64857,-2.67912,-2.88156,0.9,1.36683,0.0149999
1.81667,-4.64472,-2.66462,-2.88156,0.9,1.38183,0.0149999
1.83333,-4.64086,-2.65013,-2.88156,0.9,1.39683,0.0150001
1.85,-4.637,-2.63563,-2.88156,0.9,1.41183,0.0149999
1.86667,-4.63315,-2.62114,-2.88156,0.9,1.42683,0.0149999
1.88333,-4.62929,-2.60664,-2.88156,0.9,1.44183,0.0149999
1.9,-4.62543,-2.59215,-2.88156,0.9,1.45683,0.0150001
1.91667,-4.62158,-2.57765,-2.88156,0.9,1.47183,0.0149999
1.93333,-4.61772,-2.56315,-2.88156,0.9,1.48683,0.0150001
1.95,-4.61386,-2.54866,-2.88156,0.9,1.50183,0.0149999
1.96667,-4.61001,-2.53416,-2.88156,0.9,1.51683,0.0149999
1.98333,-4.60615,-2.51967,-2.88156,0.9,1.53183,0.0149999
2,-4.60229,-2.50517,-2.88156,0.9,1.54683,0.0149999
2.01667,-4.59844,-2.49068,-2.88156,0.9,1.56183,0.0149999
2.03333,-4.59458,-2.47618,-2.88156,0.9,1.57683,0.0149999
2.05,-4.59072,-2.46168,-2.88156,0.9,1.59183,0.0150001
2.06667,-4.58687,-2.44719,-2.88156,0.9,1.60683,0.0150001
2.08333,-4.58301,-2.43269,-2.88156,0.9,1.62183,0.0149999
2.1,-4.57915,-2.4182,-2.88156,0.9,1.63683,0.0149999
2.11667,-4.5753,-2.4037,-2.88156,0.9,1.65183,0.0150001
2.13333,-4.57144,-2.38921,-2.88156,0.9,1.66683,0.0150001
2.15,-4.56758,-2.37471,-2.88156,0.9,1.68183,0.0149999
2.16667,-4.56373,-2.36021,-2.88156,0.9,1.69683,0.0150001
2.18333,-4.55987,-2.34572,-2.88156,0.9,1.71183,0.0150001
2.2,-4.55601,-2.33122,-2.88156,0.9,1.72683,0.0150001
2.21667,-4.55216,-2.31673,-2.88156,0.9,1.74183,0.0149999
2.23333,-4.5483,-2.30223,-2.88156,0.9,1.75683,0.0149999
2.25,-4.54444,-2.28774,-2.88156,0.9,1.77183,0.0150001
2.26667,-4.54059,-2.27324,-2.88156,0.9,1.78683,0.0149999
2.28333,-4.53673,-2.25874,-2.88156,0.9,1.80183,0.0149999
2.3,-4.53287,-2.24425,-2.88156,0.9,1.81683,0.0150001
2.31667,-4.52902,-2.22975,-2.88156,0.9,1.83183,0.0149999
2.33333,-4.52516,-2.21526,-2.88156,0.9,1.84683,0.0150001
2.35,-4.5213,-2.20076,-2.88156,0.9,1.86183,0.0150001
2.36667,-4.51745,-2.18627,-2.88156,0.9,1.87683,0.0149999
2.38333,-4.51359,-2.17177,-2.88156,0.9,1.89183,0.0149999
2.4,-4.50973,-2.15727,-2.88156,0.9,1.90683,0.0150001
2.41667,-4.50588,-2.14278,-2.88156,0.9,1.92183,0.0149999
2.43333,-4.50202,-2.12828,-2.88156,0.9,1.93683,0.0149999
2.45,-4.49816,-2.11379,-2.88156,0.9,1.95183,0.0150001
2.46667,-4.49431,-2.09929,-2.88156,0.9,1.96683,0.0149999
2.48333,-4.49045,-2.0848,-2.88156,0.9,1.98183,0.0150001
2.5,-4.48659,-2.0703,-2.88156,0.9,1.99683,0.0149999
2.51667,-4.48274,-2.0558,-2.88156,0.9,2.01183,0.0150001
2.53333,-4.47888,-2.04131,-2.88156,0.9,2.02683,0.0150001
2.55,-4.47502,-2.02681,-2.88156,0.9,2.04183,0.0150001
2.56667,-4.47117,-2.01232,-2.88156,0.9,2.05683,0.0150001
2.58333,-4.46731,-1.99782,-2.88156,0.9,2.07183,0.015
2.6,-4.46345,-1.98333,-2.88156,0.9,2.08683,0.015
2.61667,-4.4596,-1.96883,-2.88156,0.9,2.10183,0.015
2.63333,-4.45574,-1.95433,-2.88156,0.9,2.11683,0.015
2.65,-4.45188,-1.93984,-2.88156,0.9,2.13183,0.015
2.66667,-4.44803,-1.92534,-2.88156,0.9,2.14683,0.015
2.68333,-4.44417,-1.91085,-2.88156,0.9,2.16183,0.015
2.7,-4.44031,-1.89635,-2.88156,0.9,2.17683,0.015
2.71667,-4.43646,-1.88186,-2.88156,0.9,2.19183,0.015
2.73333,-4.4326,-1.86736,-2.88156,0.9,2.20683,0.015
2.75,-4.42874,-1.85286,-2.88156,0.9,2.22183,0.015
2.76667,-4.42489,-1.83837,-2.88156,0.9,2.23683,0.015
2.78333,-4.42103,-1.82387,-2.88156,0.9,2.25183,0.015
2.8,-4.41717,-1.80938,-2.88156,0.9,2.26683,0.015
2.81667,-4.41332,-1.79488,-2.88156,0.9,2.28183,0.015
2.83333,-4.40946,-1.78039,-2.88156,0.9,2.29683,0.015
2.85,-4.4056,-1.76589,-2.88156,0.9,2.31183,0.015
2.86667,-4.40175,-1.75139,-2.88156,0.9,2.32683,0.015
2.88333,-4.39789,-1.7369,-2.88156,0.9,2.34183,0.015
2.9,-4.39403,-1.7224,-2.88156,0.9,2.35683,0.015
2.91667,-4.39018,-1.70791,-2.88156,0.9,2.37183,0.015
2.93333,-4.38632,-1.69341,-2.88156,0.9,2.38683,0.015
2.95,-4.38246,-1.67891,-2.88156,0.9,2.40183,0.015
2.96667,-4.37861,-1.66442,-2.88156,0.9,2.41683,0.015
2.98333,-4.37475,-1.64992,-2.88156,0.9,2.43183,0.015
3,-4.37089,-1.63543,-2.88156,0.9,2.44683,0.015
3.01667,-4.36704,-1.62093,-2.88156,0.9,2.46183,0.015
3.03333,-4.36318,-1.60644,-2.88156,0.9,2.47683,0.015
3.05,-4.35932,-1.59194,-2.88156,0.9,2.49183,0.015
3.06667,-4.35547,-1.57744,-2.88156,0.9,2.50683,0.015
3.08333,-4.35161,-1.56295,-2.88156,0.9,2.52183,0.015
3.1,-4.34775,-1.54845,-2.88156,0.9,2.53683,0.015
3.11667,-4.3439,-1.53396,-2.88156,0.9,2.55183,0.015
3.13333,-4.34004,-1.51946,-2.88156,0.9,2.56683,0.015
3.15,-4.33618,-1.50497,-2.88156,0.9,2.58183,0.015
3.16667,-4.33233,-1.49047,-2.88156,0.9,2.59683,0.015
3.18333,-4.32847,-1.47597,-2.88156,0.9,2.61183,0.015
3.2,-4.32461,-1.46148,-2.88156,0.9,2.62683,0.015
3.21667,-4.32076,-1.44698,-2.88156,0.9,2.64183,0.015
3.23333,-4.3169,-1.43249,-2.88156,0.9,2.65683,0.015
3.25,-4.31304,-1.41799,-2.88156,0.9,2.67183,0.015
3.26667,-4.30919,-1.4035,-2.88156,0.9,2.68683,0.015
3.28333,-4.30533,-1.389,-2.88156,0.9,2.70183,0.015
3.3,-4.30147,-1.3745,-2.88156,0.9,2.71683,0.015
3.31667,-4.29762,-1.36001,-2.88156,0.9,2.73183,0.015
3.33333,-4.29376,-1.34551,-2.88156,0.9,2.74683,0.015
3.35,-4.2899,-1.33102,-2.88156,0.9,2.76183,0.015
3.36667,-4.28605,-1.31652,-2.88156,0.9,2.77683,0.015
3.38333,-4.28219,-1.30203,-2.88156,0.9,2.79183,0.015
3.4,-4.27833,-1.28753,-2.88156,0.9,2.80683,0.015
3.41667,-4.27448,-1.27303,-2.88156,0.9,2.82183,0.015
3.43333,-4.27062,-1.25854,-2.88156,0.9,2.83683,0.015
3.45,-4.26676,-1.24404,-2.88156,0.9,2.85183,0.015
3.46667,-4.26291,-1.22955,-2.88156,0.9,2.86683,0.015
3.48333,-4.25905,-1.21505,-2.88156,0.9,2.88183,0.015
3.5,-4.25519,-1.20056,-2.88156,0.9,2.89683,0.015
3.51667,-4.25134,-1.18606,-2.88156,0.9,2.91183,0.015
3.53333,-4.24748,-1.17156,-2.88156,0.9,2.92683,0.015
3.55,-4.24362,-1.15707,-2.88156,0.9,2.94183,0.015
3.56667,-4.23977,-1.14257,-2.88156,0.9,2.95684,0.015
3.58333,-4.23591,-1.12808,-2.88156,0.9,2.97184,0.015
3.6,-4.23205,-1.11358,-2.88156,0.9,2.98684,0.015
3.61667,-4.2282,-1.09909,-2.88156,0.9,3.00184,0.015
3.63333,-4.22434,-1.08459,-2.88156,0.9,3.01684,0.015
3.65,-4.22048,-1.07009,-2.88156,0.9,3.03184,0.015
3.66667,-4.21663,-1.0556,-2.88156,0.9,3.04684,0.015
3.68333,-4.21277,-1.0411,-2.88156,0.9,3.06184,0.015
3.7,-4.20891,-1.02661,-2.88156,0.9,3.07684,0.015
3.71667,-4.20506,-1.01211,-2.88156,0.9,3.09184,0.015
3.73333,-4.2012,-0.997616,-2.88156,0.9,3.10684,0.015
3.75,-4.19734,-0.98312,-2.88156,0.9,3.12184,0.015
3.76667,-4.19349,-0.968624,-2.88156,0.9,3.13684,0.015
3.78333,-4.18963,-0.954128,-2.88156,0.9,3.15184,0.015
3.8,-4.18577,-0.939633,-2.88156,0.9,3.16684,0.015
3.81667,-4.18192,-0.925137,-2.88156,0.9,3.18184,0.015
3.83333,-4.17806,-0.910641,-2.88156,0.9,3.19684,0.015
3.85,-4.1742,-0.896145,-2.88156,0.9,3.21184,0.015
3.86667,-4.17035,-0.88165,-2.88156,0.9,3.22684,0.015
3.88333,-4.16649,-0.867154,-2.88156,0.9,3.24184,0.015
3.9,-4.16263,-0.852658,-2.88156,0.9,3.25684,0.015
3.91667,-4.15878,-0.838163,-2.88156,0.9,3.27184,0.015
3.93333,-4.15492,-0.823667,-2.88156,0.9,3.28684,0.015
3.95,-4.15106,-0.809171,-2.88156,0.9,3.30184,0.015
3.96667,-4.14721,-0.794675,-2.88156,0.9,3.31684,0.015
3.98333,-4.14335,-0.78018,-2.88156,0.9,3.33184,0.015
4,-4.13949,-0.765684,-2.88156,0.9,3.34684,0.015
4.01667,-4.13564,-0.751188,-2.88156,0.9,3.36184,0.015
4.03333,-4.13178,-0.736692,-2.88156,0.9,3.37684,0.015
4.05,-4.12792,-0.722197,-2.88156,0.9,3.39184,0.015
4.06667,-4.12407,-0.707701,-2.88156,0.9,3.40684,0.015
4.08333,-4.12021,-0.693205,-2.88156,0.9,3.42184,0.015
4.1,-4.11635,-0.67871,-2.88156,0.9,3.43684,0.015
4.11667,-4.1125,-0.664214,-2.88156,0.9,3.45184,0.015
4.13333,-4.10864,-0.649718,-2.88156,0.9,3.46684,0.015
4.15,-4.10478,-0.635222,-2.88156,0.9,3.48184,0.015
4.16667,-4.10093,-0.620727,-2.88156,0.9,3.49684,0.015
4.18333,-4.09707,-0.606231,-2.88156,0.9,3.51184,0.015
4.2,-4.09321,-0.591735,-2.88156,0.9,3.52684,0.015
4.21667,-4.08936,-0.577239,-2.88156,0.9,3.54184,0.015
4.23333,-4.0855,-0.562744,-2.88156,0.9,3.55684,0.015
4.25,-4.08164,-0.548248,-2.88156,0.9,3.57184,0.015
4.26667,-4.07779,-0.533752,-2.88156,0.9,3.58684,0.015
4.28333,-4.07393,-0.519256,-2.88156,0.9,3.60184,0.015
4.3,-4.07007,-0.504761,-2.88156,0.9,3.61684,0.015
4.31667,-4.06622,-0.490265,-2.88156,0.9,3.63184,0.015
4.33333,-4.06236,-0.475769,-2.88156,0.9,3.64684,0.015
4.35,-4.0585,-0.461274,-2.88156,0.9,3.66184,0.015
4.36667,-4.05465,-0.446778,-2.88156,0.9,3.67684,0.015
4.38333,-4.05079,-0.432282,-2.88156,0.9,3.69184,0.015
4.4,-4.04693,-0.417786,-2.88156,0.9,3.70684,0.015
4.41667,-4.04308,-0.403291,-2.88156,0.9,3.72184,0.015
4.43333,-4.03922,-0.388795,-2.88156,0.9,3.73684,0.015
4.45,-4.03536,-0.374299,-2.88156,0.9,3.75184,0.015
4.46667,-4.03151,-0.359803,-2.88156,0.9,3.76684,0.015
4.48333,-4.02765,-0.345308,-2.88156,0.9,3.78184,0.015
4.5,-4.02379,-0.330812,-2.88156,0.9,3.79684,0.015
4.51667,-4.01994,-0.316316,-2.88156,0.9,3.81184,0.015
4.53333,-4.01608,-0.301821,-2.88156,0.9,3.82684,0.015
4.55,-4.01222,-0.287325,-2.88156,0.9,3.84184,0.015
4.56667,-4.00837,-0.272829,-2.88156,0.9,3.85684,0.015
4.58333,-4.00451,-0.258333,-2.88156,0.9,3.87184,0.015
4.6,-4.00065,-0.243838,-2.88156,0.9,3.88684,0.015
4.61667,-3.9968,-0.229342,-2.88156,0.9,3.90184,0.015
4.63333,-3.99294,-0.214846,-2.88156,0.9,3.91684,0.015
4.65,-3.98908,-0.20035,-2.88156,0.9,3.93184,0.015
4.66667,-3.98523,-0.185855,-2.88156,0.9,3.94684,0.015
4.68333,-3.98137,-0.171359,-2.88156,0.9,3.96184,0.015
4.7,-3.97751,-0.156863,-2.88156,0.9,3.97684,0.015
4.71667,-3.97366,-0.142367,-2.88156,0.9,3.99184,0.015
4.73333,-3.9698,-0.127872,-2.88156,0.9,4.00684,0.015
4.75,-3.96594,-0.113376,-2.88156,0.9,4.02184,0.015
4.76667,-3.96209,-0.0988803,-2.88156,0.9,4.03684,0.015
4.78333,-3.95823,-0.0843846,-2.88156,0.9,4.05184,0.015
4.8,-3.95437,-0.0698888,-2.88156,0.9,4.06684,0.015
4.81667,-3.95052,-0.0553931,-2.88156,0.9,4.08184,0.015
4.83333,-3.94666,-0.0408974,-2.88156,0.9,4.09684,0.015
4.85,-3.9428,-0.0264016,-2.88156,0.9,4.11184,0.015
4.86667,-3.93895,-0.0119059,-2.88156,0.9,4.12684,0.015
4.88333,-3.93509,0.00258982,-2.88156,0.9,4.14184,0.015
4.9,-3.93123,0.0170855,-2.88156,0.9,4.15684,0.015
4.91667,-3.92738,0.0315813,-2.88156,0.9,4.17184,0.015
4.93333,-3.92352,0.046077,-2.88156,0.9,4.18684,0.015
4.95,-3.91966,0.0605727,-2.88156,0.9,4.20184,0.015
4.96667,-3.91581,0.0750685,-2.88156,0.9,4.21684,0.015
4.98333,-3.91195,0.0895642,-2.88156,0.9,4.23184,0.015
5,-3.90809,0.10406,-2.88156,0.9,4.24684,0.015
5.01667,-3.90424,0.118556,-2.88156,0.9,4.26184,0.015
5.03333,-3.90038,0.133051,-2.88156,0.9,4.27684,0.015
5.05,-3.89652,0.147547,-2.88156,0.9,4.29184,0.015
5.06667,-3.89267,0.162043,-2.88156,0.9,4.30684,0.015
5.08333,-3.88881,0.176539,-2.88156,0.9,4.32184,0.015
5.1,-3.88495,0.191034,-2.88156,0.9,4.33684,0.015
5.11667,-3.8811,0.20553,-2.88156,0.9,4.35184,0.015
5.13333,-3.87724,0.220026,-2.88156,0.9,4.36684,0.015
5.15,-3.87338,0.234521,-2.88156,0.9,4.38184,0.015
5.16667,-3.86953,0.249017,-2.88156,0.9,4.39684,0.015
5.18333,-3.86567,0.263513,-2.88156,0.9,4.41184,0.015
5.2,-3.86181,0.278009,-2.88156,0.9,4.42684,0.015
5.21667,-3.85796,0.292504,-2.88156,0.9,4.44184,0.015
5.23333,-3.8541,0.307,-2.88156,0.9,4.45684,0.015
5.25,-3.85024,0.321496,-2.88156,0.9,4.47184,0.015
5.26667,-3.84639,0.335992,-2.88156,0.9,4.48684,0.015
5.28333,-3.84253,0.350487,-2.88156,0.9,4.50184,0.015
5.3,-3.83867,0.364983,-2.88156,0.9,4.51684,0.015
5.31667,-3.83482,0.379479,-2.88156,0.9,4.53184,0.015
5.33333,-3.83096,0.393975,-2.88156,0.9,4.54684,0.015
5.35,-3.8271,0.40847,-2.88156,0.9,4.56184,0.015
5.36667,-3.82325,0.422966,-2.88156,0.9,4.57684,0.015
5.38333,-3.81939,0.437462,-2.88156,0.9,4.59184,0.015
5.4,-3.81553,0.451957,-2.88156,0.9,4.60684,0.015
5.41667,-3.81168,0.466453,-2.88156,0.9,4.62184,0.015
5.43333,-3.80782,0.480949,-2.88156,0.9,4.63684,0.015
5.45,-3.80396,0.495445,-2.88156,0.9,4.65184,0.015
5.46667,-3.80011,0.50994,-2.88156,0.9,4.66684,0.015
5.48333,-3.79625,0.524436,-2.88156,0.9,4.68184,0.015
5.5,-3.79239,0.538932,-2.88156,0.9,4.69684,0.015
5.51667,-3.78854,0.553428,-2.88156,0.9,4.71184,0.015
5.53333,-3.78468,0.567923,-2.88156,0.9,4.72684,0.015
5.55,-3.78082,0.582419,-2.88156,0.9,4.74184,0.015
5.56667,-3.77697,0.596915,-2.88156,0.9,4.75684,0.015
5.58333,-3.77311,0.61141,-2.88156,0.9,4.77184,0.015
5.6,-3.76925,0.625906,-2.88156,0.9,4.78684,0.015
5.61667,-3.7654,0.640402,-2.88156,0.9,4.80184,0.015
5.63333,-3.76154,0.654898,-2.88156,0.9,4.81683,0.015
5.65,-3.75768,0.669393,-2.88156,0.9,4.83183,0.015
5.66667,-3.75383,0.683889,-2.88156,0.9,4.84683,0.015
5.68333,-3.74997,0.698385,-2.88156,0.9,4.86183,0.015
5.7,-3.74611,0.712881,-2.88156,0.9,4.87683,0.015
5.71667,-3.74226,0.727376,-2.88156,0.9,4.89183,0.015
5.73333,-3.7384,0.741872,-2.88156,0.9,4.90683,0.015
5.75,-3.73454,0.756368,-2.88156,0.9,4.92183,0.015
5.76667,-3.73069,0.770863,-2.88156,0.9,4.93683,0.015
5.78333,-3.72683,0.785359,-2.88156,0.9,4.95183,0.015
5.8,-3.72297,0.799855,-2.88156,0.9,4.96683,0.015
5.81667,-3.71912,0.814351,-2.88156,0.9,4.98183,0.015
5.83333,-3.71526,0.828846,-2.88156,0.9,4.99683,0.015
5.85,-3.7114,0.843342,-2.88156,0.9,5.01183,0.015
5.86667,-3.70755,0.857838,-2.88156,0.9,5.02683,0.015
5.88333,-3.70369,0.872334,-2.88156,0.9,5.04183,0.015
5.9,-3.69983,0.886829,-2.88156,0.9,5.05683,0.015
5.91667,-3.69598,0.901325,-2.88156,0.9,5.07183,0.015
5.93333,-3.69212,0.915821,-2.88156,0.9,5.08683,0.015
5.95,-3.68826,0.930317,-2.88156,0.9,5.10183,0.015
5.96667,-3.68441,0.944812,-2.88156,0.9,5.11683,0.015
5.98333,-3.68055,0.959308,-2.88156,0.9,5.13183,0.015
6,-3.67669,0.973804,-2.88156,0.9,5.14683,0.015
6.01667,-3.67284,0.988299,-2.88156,0.9,5.16183,0.015
6.03333,-3.66898,1.0028,-2.88156,0.9,5.17683,0.0149999
6.05,-3.66512,1.01729,-2.88156,0.9,5.19183,0.015
6.06667,-3.66127,1.03179,-2.88156,0.9,5.20683,0.015
6.08333,-3.65741,1.04628,-2.88156,0.9,5.22183,0.015
6.1,-3.65355,1.06078,-2.88156,0.9,5.23683,0.015
6.11667,-3.6497,1.07527,-2.88156,0.9,5.25183,0.015
6.13333,-3.64584,1.08977,-2.88156,0.9,5.26683,0.015
6.15,-3.64198,1.10427,-2.88156,0.9,5.28183,0.015
6.16667,-3.63813,1.11876,-2.88156,0.9,5.29683,0.015
6.18333,-3.63427,1.13326,-2.88156,0.9,5.31183,0.015
6.2,-3.63041,1.14775,-2.88156,0.9,5.32683,0.015
6.21667,-3.62656,1.16225,-2.88156,0.9,5.34183,0.015
6.23333,-3.6227,1.17674,-2.88156,0.9,5.35683,0.015
6.25,-3.61884,1.19124,-2.88156,0.9,5.37183,0.015
6.26667,-3.61499,1.20574,-2.88156,0.9,5.38683,0.015
6.28333,-3.61113,1.22023,-2.88156,0.9,5.40183,0.015
6.3,-3.60728,1.23473,-2.88156,0.9,5.41683,0.015
6.31667,-3.60342,1.24922,-2.88156,0.9,5.43183,0.015
6.33333,-3.59961,1.26355,-2.88156,0.878503,5.44665,0.0148209
6.35,-3.59591,1.27743,-2.88156,0.845169,5.46101,0.014364
6.36667,-3.59236,1.29077,-2.88156,0.811836,5.47482,0.0138084
6.38333,-3.58896,1.30358,-2.88156,0.778503,5.48808,0.0132528
6.4,-3.58569,1.31585,-2.88156,0.745169,5.50077,0.0126973
6.41667,-3.58257,1.32758,-2.88156,0.711836,5.51291,0.0121417
6.43333,-3.57959,1.33878,-2.88156,0.678503,5.5245,0.0115861
6.45,-3.57676,1.34944,-2.88156,0.645169,5.53553,0.0110306
6.46667,-3.57406,1.35956,-2.88156,0.611836,5.54601,0.010475
6.48333,-3.57151,1.36915,-2.88156,0.578502,5.55593,0.00991944
6.5,-3.5691,1.3782,-2.88156,0.545169,5.56529,0.00936397
6.51667,-3.56684,1.38671,-2.88156,0.511836,5.5741,0.00880838
6.53333,-3.56472,1.39468,-2.88156,0.478502,5.58235,0.00825279
6.55,-3.56274,1.40212,-2.88156,0.445169,5.59005,0.00769732
6.56667,-3.5609,1.40902,-2.88156,0.411836,5.59719,0.00714174
6.58333,-3.55921,1.41539,-2.88156,0.378502,5.60378,0.00658615
6.6,-3.55766,1.42122,-2.88156,0.345169,5.60981,0.00603061
6.61667,-3.55625,1.42651,-2.88156,0.311836,5.61528,0.00547503
6.63333,-3.55499,1.43126,-2.88155,0.278502,5.6202,0.00491944
6.65,-3.55386,1.43548,-2.88155,0.245169,5.62457,0.00436397
6.66667,-3.55288,1.43916,-2.88154,0.211836,5.62837,0.00380838
6.68333,-3.55205,1.4423,-2.88154,0.178502,5.63163,0.00325279
6.7,-3.55135,1.44491,-2.88154,0.145169,5.63432,0.00269721
6.71667,-3.5508,1.44698,-2.88154,0.111836,5.63647,0.00214174
6.73333,-3.5504,1.44851,-2.88155,0.0785024,5.63805,0.00158615
6.75,-3.55013,1.44951,-2.88162,0.0451691,5.63908,0.00103061
6.76667,-3.55001,1.44997,-2.88153,0.0118357,5.63956,0.000475027
6.78333,-3.55,1.45,-2.87923,0,5.63959,3.49316e-05
6.8,-3.55,1.45,-2.83257,0,5.63959,0
6.81667,-3.55,1.45,-2.7859,0,5.63959,0
6.83333,-3.55,1.45,-2.73923,0,5.63959,0
6.85,-3.55,1.45,-2.69257,0,5.63959,0
6.86667,-3.55,1.45,-2.6459,0,5.63959,0
6.88333,-3.55,1.45,-2.59923,0,5.63959,0
6.9,-3.55,1.45,-2.55257,0,5.63959,0
6.91667,-3.55,1.45,-2.5059,0,5.63959,0
6.93333,-3.55,1.45,-2.45923,0,5.63959,0
6.95,-3.55,1.45,-2.41257,0,5.63959,0
6.96667,-3.55,1.45,-2.3659,0,5.63959,0
6.98333,-3.5498,1.4501,-2.31923,0.0266667,5.63981,0.000222311
7,-3.5492,1.4504,-2.27257,0.0533333,5.64048,0.000666667
7.01667,-3.54821,1.45089,-2.2259,0.08,5.64159,0.00111102
7.03333,-3.54682,1.45159,-2.17923,0.106667,5.64315,0.00155564
7.05,-3.54503,1.45248,-2.13257,0.133333,5.64515,0.002
7.06667,-3.54284,1.45358,-2.0859,0.16,5.64759,0.00244436
7.08333,-3.54026,1.45487,-2.03923,0.186667,5.65048,0.00288898
7.1,-3.53728,1.45636,-2.03444,0.213333,5.65381,0.00333333
7.11667,-3.5339,1.45805,-2.03444,0.24,5.65759,0.00377769
7.13333,-3.53012,1.45994,-2.03444,0.266667,5.66181,0.00422231
7.15,-3.52595,1.46203,-2.03444,0.293333,5.66648,0.00466667
7.16667,-3.52138,1.46431,-2.03444,0.32,5.67159,0.00511102
7.18333,-3.51641,1.4668,-2.03444,0.346667,5.67715,0.00555565
7.2,-3.51104,1.46948,-2.03444,0.373333,5.68315,0.006
7.21667,-3.50528,1.47236,-2.03444,0.4,5.68959,0.00644436
7.23333,-3.49912,1.47544,-2.03444,0.426667,5.69648,0.00688898
7.25,-3.49256,1.47872,-2.03444,0.453333,5.70381,0.00733333
7.26667,-3.4856,1.4822,-2.03444,0.48,5.71159,0.00777769
7.28333,-3.47825,1.48588,-2.03444,0.506667,5.71981,0.00822231
7.3,-3.4705,1.48975,-2.03444,0.533333,5.72848,0.00866667
7.31667,-3.46235,1.49383,-2.03444,0.56,5.73759,0.00911102
7.33333,-3.4538,1.4981,-2.03444,0.586667,5.74715,0.00955565
7.35,-3.44485,1.50257,-2.03444,0.613333,5.75715,0.01
7.36667,-3.43551,1.50724,-2.03444,0.64,5.76759,0.0104444
7.38333,-3.42577,1.51211,-2.03444,0.666667,5.77848,0.010889
7.4,-3.41564,1.51718,-2.03444,0.693333,5.78981,0.0113333
7.41667,-3.4051,1.52245,-2.03444,0.72,5.80159,0.0117777
7.43333,-3.39417,1.52792,-2.03444,0.746666,5.81381,0.0122223
7.45,-3.38286,1.53357,-2.03444,0.770823,5.82646,0.0126459
7.46667,-3.37162,1.53919,-2.03444,0.73749,5.83903,0.0125694
7.48333,-3.36087,1.54456,-2.03444,0.704156,5.85104,0.0120136
7.5,-3.35062,1.54969,-2.03444,0.670823,5.8625,0.0114581
7.51667,-3.34087,1.55456,-2.03444,0.63749,5.8734,0.0109026
7.53333,-3.33162,1.55919,-2.03444,0.604156,5.88375,0.0103471
7.55,-3.32286,1.56357,-2.03444,0.570823,5.89354,0.00979155
7.56667,-3.3146,1.5677,-2.03444,0.53749,5.90278,0.00923604
7.58333,-3.30683,1.57158,-2.03444,0.504156,5.91146,0.00868026
7.6,-3.29957,1.57522,-2.03444,0.470823,5.91958,0.00812475
7.61667,-3.2928,1.5786,-2.03444,0.43749,5.92715,0.00756924
7.63333,-3.28652,1.58174,-2.03444,0.404157,5.93417,0.00701373
7.65,-3.28075,1.58463,-2.03444,0.370823,5.94062,0.00645822
7.66667,-3.27547,1.58727,-2.03444,0.33749,5.94653,0.00590271
7.68333,-3.27069,1.58966,-2.03444,0.304157,5.95187,0.00534693
7.7,-3.2664,1.5918,-2.03444,0.270823,5.95666,0.00479142
7.71667,-3.26261,1.59369,-2.03444,0.237491,5.9609,0.00423591
7.73333,-3.25932,1.59534,-2.03444,0.204158,5.96458,0.00368039
7.75,-3.25653,1.59674,-2.03444,0.170824,5.96771,0.00312488
7.76667,-3.25423,1.59789,-2.03444,0.137491,5.97027,0.00256937
7.78333,-3.25243,1.59879,-2.03444,0.104158,5.97229,0.00201386
7.8,-3.25112,1.59944,-2.03444,0.0708245,5.97375,0.00145808
7.81667,-3.25031,1.59984,-2.03444,0.0374911,5.97465,0.000902572
7.83333,-3.25,1.6,-2.03444,0.00415779,5.975,0.000347061
7.85,-3.25,1.6,-1.98778,0,5.975,0
7.86667,-3.25,1.6,-1.94111,0,5.975,0
7.88333,-3.25,1.6,-1.89444,0,5.975,0
7.9,-3.24978,1.6,-1.84778,0.0266667,5.97522,0.000222206
7.91667,-3.24911,1.6,-1.80111,0.0533333,5.97588,0.000666618
7.93333,-3.248,1.6,-1.75444,0.08,5.977,0.00111103
7.95,-3.24645,1.6,-1.70778,0.106667,5.97855,0.00155544
7.96667,-3.24445,1.6,-1.66111,0.133333,5.98055,0.00200009
7.98333,-3.242,1.6,-1.61444,0.16,5.983,0.00244451
8,-3.23911,1.6,-1.5708,0.186667,5.98588,0.00288892
8.01667,-3.23578,1.6,-1.5708,0.213333,5.98922,0.00333333
8.03333,-3.232,1.6,-1.5708,0.24,5.993,0.00377774
8.05,-3.22778,1.6,-1.5708,0.266667,5.99722,0.00422215
8.06667,-3.22312,1.6,-1.5708,0.293333,6.00188,0.00466657
8.08333,-3.218,1.6,-1.5708,0.32,6.00699,0.00511122
8.1,-3.21245,1.6,-1.5708,0.346667,6.01255,0.00555563
8.11667,-3.20645,1.6,-1.5708,0.373333,6.01855,0.00600004
8.13333,-3.2,1.6,-1.5708,0.4,6.02499,0.00644445
8.15,-3.19311,1.6,-1.5708,0.426667,6.03188,0.00688887
8.16667,-3.18578,1.6,-1.5708,0.453333,6.03922,0.00733328
8.18333,-3.178,1.6,-1.5708,0.48,6.04699,0.00777769
8.2,-3.16978,1.6,-1.5708,0.506667,6.05522,0.00822234
8.21667,-3.16111,1.6,-1.5708,0.533333,6.06388,0.00866675
8.23333,-3.152,1.6,-1.5708,0.56,6.073,0.00911117
8.25,-3.14245,1.6,-1.5708,0.586667,6.08255,0.00955558
8.26667,-3.13245,1.6,-1.5708,0.613333,6.09255,0.00999999
8.28333,-3.122,1.6,-1.5708,0.64,6.103,0.0104444
8.3,-3.11111,1.6,-1.5708,0.666667,6.11388,0.0108888
8.31667,-3.09978,1.6,-1.5708,0.693333,6.12522,0.0113332
8.33333,-3.088,1.6,-1.5708,0.72,6.137,0.0117779
8.35,-3.07578,1.6,-1.5708,0.746666,6.14922,0.0122223
8.36667,-3.06311,1.6,-1.5708,0.773333,6.16189,0.0126667
8.38333,-3.05,1.6,-1.5708,0.8,6.175,0.0131111
8.4,-3.03645,1.6,-1.5708,0.826666,6.18855,0.0135555
8.41667,-3.02245,1.6,-1.5708,0.853333,6.20255,0.0139999
8.43333,-3.008,1.6,-1.5708,0.88,6.217,0.0144444
8.45,-2.99317,1.6,-1.5708,0.9,6.23183,0.0148332
8.46667,-2.97817,1.6,-1.5708,0.9,6.24683,0.0150001
8.48333,-2.96317,1.6,-1.5708,0.9,6.26183,0.0150001
8.5,-2.94817,1.6,-1.5708,0.9,6.27683,0.0150001
8.51667,-2.93317,1.6,-1.5708,0.9,6.29183,0.0150001
8.53333,-2.91817,1.6,-1.5708,0.9,6.30683,0.0150001
8.55,-2.90317,1.6,-1.5708,0.9,6.32183,0.0150001
8.56667,-2.88817,1.6,-1.5708,0.9,6.33683,0.0150001
8.58333,-2.87317,1.6,-1.5708,0.9,6.35183,0.0150001
8.6,-2.85817,1.6,-1.5708,0.9,6.36683,0.0150001
8.61667,-2.84317,1.6,-1.5708,0.9,6.38183,0.0150001
8.63333,-2.82817,1.6,-1.5708,0.9,6.39683,0.0150001
8.65,-2.81317,1.6,-1.5708,0.9,6.41183,0.0150001
8.66667,-2.79817,1.6,-1.5708,0.9,6.42683,0.0150001
8.68333,-2.78317,1.6,-1.5708,0.9,6.44183,0.0150001
8.7,-2.76817,1.6,-1.5708,0.9,6.45683,0.0150001
8.71667,-2.75317,1.6,-1.5708,0.9,6.47184,0.0150001
8.73333,-2.73817,1.6,-1.5708,0.9,6.48684,0.0150001
8.75,-2.72317,1.6,-1.5708,0.9,6.50184,0.0150001
8.76667,-2.70817,1.6,-1.5708,0.9,6.51684,0.0150001
8.78333,-2.69317,1.6,-1.5708,0.9,6.53184,0.0150001
8.8,-2.67817,1.6,-1.5708,0.9,6.54684,0.0150001
8.81667,-2.66317,1.6,-1.5708,0.9,6.56184,0.0150001
8.83333,-2.64817,1.6,-1.5708,0.9,6.57684,0.0150001
8.85,-2.63317,1.6,-1.5708,0.9,6.59184,0.0150001
8.86667,-2.61817,1.6,-1.5708,0.9,6.60684,0.0150001
8.88333,-2.60317,1.6,-1.5708,0.9,6.62184,0.0150001
8.9,-2.58817,1.6,-1.5708,0.9,6.63684,0.0150001
8.91667,-2.57317,1.6,-1.5708,0.9,6.65184,0.0150001
8.93333,-2.55817,1.6,-1.5708,0.9,6.66684,0.0150001
8.95,-2.54317,1.6,-1.5708,0.9,6.68184,0.0150001
8.96667,-2.52817,1.6,-1.5708,0.9,6.69684,0.0150001
8.98333,-2.51317,1.6,-1.5708,0.9,6.71184,0.0150001
9,-2.49817,1.6,-1.5708,0.9,6.72684,0.0150001
9.01667,-2.48317,1.6,-1.5708,0.9,6.74184,0.0150001
9.03333,-2.46817,1.6,-1.5708,0.9,6.75684,0.0150001
9.05,-2.45317,1.6,-1.5708,0.9,6.77184,0.0150001
9.06667,-2.43817,1.6,-1.5708,0.9,6.78684,0.0150001
9.08333,-2.42317,1.6,-1.5708,0.9,6.80184,0.0150001
9.1,-2.40817,1.6,-1.5708,0.9,6.81684,0.0150001
9.11667,-2.39334,1.6,-1.5708,0.879405,6.83167,0.0148284
9.13333,-2.37896,1.6,-1.5708,0.846072,6.84605,0.014379
9.15,-2.36514,1.6,-1.5708,0.812738,6.85987,0.0138235
9.16667,-2.35187,1.6,-1.5708,0.779405,6.87314,0.0132678
9.18333,-2.33916,1.6,-1.5708,0.746071,6.88585,0.0127122
9.2,-2.327,1.6,-1.5708,0.712738,6.89801,0.0121567
9.21667,-2.3154,1.6,-1.5708,0.679405,6.90961,0.0116012
9.23333,-2.30435,1.6,-1.5708,0.646071,6.92066,0.0110457
9.25,-2.29386,1.6,-1.5708,0.612738,6.93115,0.0104902
9.26667,-2.28393,1.6,-1.5708,0.579405,6.94108,0.00993443
9.28333,-2.27455,1.6,-1.5708,0.546071,6.95046,0.00937891
9.3,-2.26573,1.6,-1.5708,0.512738,6.95929,0.00882339
9.31667,-2.25746,1.6,-1.5708,0.479405,6.96755,0.00826788
9.33333,-2.24974,1.6,-1.5708,0.446071,6.97527,0.00771236
9.35,-2.24259,1.6,-1.5708,0.412738,6.98242,0.00715685
9.36667,-2.23599,1.6,-1.5708,0.379405,6.98902,0.0066011
9.38333,-2.22994,1.6,-1.57081,0.346071,6.99507,0.00604558
9.4,-2.22445,1.6,-1.5708,0.312738,7.00056,0.00549006
9.41667,-2.21952,1.6,-1.57081,0.279405,7.00549,0.00493455
9.43333,-2.21514,1.6,-1.57081,0.246071,7.00987,0.00437903
9.45,-2.21131,1.6,-1.57081,0.212738,7.0137,0.00382352
9.46667,-2.20805,1.6,-1.57081,0.179405,7.01696,0.00326777
9.48333,-2.20533,1.6,-1.57081,0.146071,7.01968,0.00271225
9.5,-2.20318,1.6,-1.57082,0.112738,7.02183,0.00215673
9.51667,-2.20158,1.6,-1.57083,0.0794048,7.02343,0.00160122
9.53333,-2.20053,1.6,-1.5708,0.0460714,7.02448,0.0010457
9.55,-2.20004,1.6,-1.5708,0.0127381,7.02497,0.000490189
9.56667,-2.2,1.6,-1.5708,0,7.02501,4.02927e-05
9.58333,-2.2,1.6,-1.52413,0,7.02501,0
9.6,-2.2,1.6,-1.47746,0,7.02501,0
9.61667,-2.2,1.6,-1.4308,0,7.02501,0
9.63333,-2.2,1.6,-1.38413,0,7.02501,0
9.65,-2.2,1.6,-1.33746,0,7.02501,0
9.66667,-2.2,1.6,-1.2908,0,7.02501,0
9.68333,-2.2,1.6,-1.24413,0,7.02501,0
9.7,-2.2,1.6,-1.19746,0,7.02501,0
9.71667,-2.2,1.6,-1.1508,0,7.02501,0
9.73333,-2.2,1.6,-1.10413,0,7.02501,0
9.75,-2.2,1.6,-1.05746,0,7.02501,0
9.76667,-2.2,1.6,-1.0108,0,7.02501,0
9.78333,-2.2,1.6,-0.96413,0,7.02501,0
9.8,-2.2,1.6,-0.917464,0,7.02501,0
9.81667,-2.2,1.6,-0.870797,0,7.02501,0
9.83333,-2.2,1.6,-0.82413,0,7.02501,0
9.85,-2.1999,1.5998,-0.777463,0.0266667,7.02523,0.000222204
9.86667,-2.1996,1.59921,-0.730797,0.0533333,7.0259,0.000666613
9.88333,-2.19911,1.59821,-0.68413,0.08,7.02701,0.00111113
9.9,-2.19841,1.59682,-0.637463,0.106667,7.02857,0.00155554
9.91667,-2.19752,1.59503,-0.590797,0.133333,7.03057,0.00200005
9.93333,-2.19642,1.59284,-0.54413,0.16,7.03301,0.00244446
9.95,-2.19513,1.59026,-0.497463,0.186667,7.0359,0.00288887
9.96667,-2.19364,1.58728,-0.463648,0.213333,7.03923,0.00333339
9.98333,-2.19195,1.5839,-0.463648,0.24,7.04301,0.0037778
10,-2.19006,1.58012,-0.463648,0.266667,7.04723,0.0042222
10.0167,-2.18797,1.57595,-0.463648,0.293333,7.0519,0.00466661
10.0333,-2.18569,1.57138,-0.463648,0.32,7.05701,0.00511113
10.05,-2.1832,1.56641,-0.463648,0.346667,7.06257,0.00555554
10.0667,-2.18052,1.56104,-0.463648,0.373333,7.06857,0.00599995
10.0833,-2.17764,1.55528,-0.463648,0.4,7.07501,0.00644446
10.1,-2.17456,1.54912,-0.463648,0.426667,7.0819,0.00688887
10.1167,-2.17128,1.54256,-0.463648,0.453333,7.08923,0.00733339
10.1333,-2.1678,1.5356,-0.463648,0.48,7.09701,0.0077778
10.15,-2.16412,1.52825,-0.463648,0.506667,7.10523,0.00822221
10.1667,-2.16025,1.5205,-0.463648,0.533333,7.1139,0.00866672
10.1833,-2.15617,1.51235,-0.463648,0.56,7.12301,0.00911113
10.2,-2.1519,1.5038,-0.463648,0.586667,7.13257,0.00955554
10.2167,-2.14743,1.49486,-0.463648,0.613333,7.14256,0.00999995
10.2333,-2.14276,1.48551,-0.463648,0.64,7.15301,0.0104445
10.25,-2.13789,1.47577,-0.463648,0.666667,7.1639,0.0108889
10.2667,-2.13282,1.46564,-0.463648,0.693333,7.17523,0.0113333
10.2833,-2.12755,1.4551,-0.463648,0.72,7.18701,0.0117778
10.3,-2.12209,1.44417,-0.463648,0.746666,7.19923,0.0122222
10.3167,-2.11642,1.43284,-0.463648,0.773333,7.2119,0.0126666
10.3333,-2.11056,1.42111,-0.463648,0.8,7.22501,0.0131111
10.35,-2.1045,1.40899,-0.463648,0.826666,7.23857,0.0135555
10.3667,-2.09823,1.39647,-0.463648,0.853333,7.25257,0.0139999
10.3833,-2.09177,1.38355,-0.463648,0.88,7.26701,0.0144445
10.4,-2.08514,1.37028,-0.463648,0.9,7.28184,0.0148333
10.4167,-2.07843,1.35687,-0.463648,0.9,7.29684,0.015
10.4333,-2.07172,1.34345,-0.463648,0.9,7.31184,0.015
10.45,-2.06502,1.33003,-0.463648,0.9,7.32684,0.015
10.4667,-2.05831,1.31662,-0.463648,0.9,7.34184,0.015
10.4833,-2.0516,1.3032,-0.463648,0.9,7.35684,0.015
10.5,-2.04489,1.28978,-0.463648,0.9,7.37184,0.015
10.5167,-2.03818,1.27637,-0.463648,0.9,7.38684,0.015
10.5333,-2.03148,1.26295,-0.463648,0.9,7.40184,0.015
10.55,-2.02477,1.24953,-0.463648,0.9,7.41684,0.015
10.5667,-2.01806,1.23612,-0.463648,0.9,7.43184,0.015
10.5833,-2.01135,1.2227,-0.463648,0.9,7.44684,0.015
10.6,-2.00464,1.20928,-0.463648,0.9,7.46184,0.015
10.6167,-1.99793,1.19587,-0.463648,0.9,7.47684,0.015
10.6333,-1.99123,1.18245,-0.463648,0.9,7.49184,0.015
10.65,-1.98452,1.16904,-0.463648,0.9,7.50684,0.015
10.6667,-1.97781,1.15562,-0.463648,0.9,7.52184,0.015
10.6833,-1.9711,1.1422,-0.463648,0.9,7.53684,0.015
10.7,-1.96439,1.12879,-0.463648,0.9,7.55184,0.015
10.7167,-1.95769,1.11537,-0.463648,0.9,7.56684,0.015
10.7333,-1.95098,1.10195,-0.463648,0.9,7.58184,0.015
10.75,-1.94427,1.08854,-0.463648,0.9,7.59684,0.015
10.7667,-1.93756,1.07512,-0.463648,0.9,7.61184,0.015
10.7833,-1.93085,1.0617,-0.463648,0.9,7.62684,0.015
10.8,-1.92414,1.04829,-0.463648,0.9,7.64184,0.015
10.8167,-1.91744,1.03487,-0.463648,0.9,7.65684,0.015
10.8333,-1.91073,1.02146,-0.463648,0.9,7.67184,0.015
10.85,-1.90402,1.00804,-0.463648,0.9,7.68684,0.015
10.8667,-1.89731,0.994622,-0.463648,0.9,7.70184,0.015
10.8833,-1.8906,0.981206,-0.463648,0.9,7.71684,0.015
10.9,-1.88389,0.967789,-0.463648,0.9,7.73184,0.015
10.9167,-1.87719,0.954373,-0.463648,0.9,7.74684,0.015
10.9333,-1.87048,0.940957,-0.463648,0.9,7.76184,0.015
10.95,-1.86377,0.92754,-0.463648,0.9,7.77684,0.015
10.9667,-1.85706,0.914124,-0.463648,0.9,7.79184,0.015
10.9833,-1.85035,0.900707,-0.463648,0.9,7.80684,0.015
11,-1.84365,0.887291,-0.463648,0.9,7.82184,0.015
11.0167,-1.83694,0.873875,-0.463648,0.9,7.83684,0.015
11.0333,-1.83023,0.860458,-0.463648,0.9,7.85184,0.015
11.05,-1.82352,0.847042,-0.463648,0.9,7.86684,0.015
11.0667,-1.81681,0.833625,-0.463648,0.9,7.88184,0.015
11.0833,-1.8101,0.820209,-0.463648,0.9,7.89684,0.015
11.1,-1.8034,0.806792,-0.463648,0.9,7.91184,0.015
11.1167,-1.79669,0.793376,-0.463648,0.9,7.92684,0.015
11.1333,-1.78998,0.77996,-0.463648,0.9,7.94184,0.015
11.15,-1.78327,0.766543,-0.463648,0.9,7.95684,0.015
11.1667,-1.77656,0.753127,-0.463648,0.9,7.97184,0.015
11.1833,-1.76986,0.73971,-0.463648,0.9,7.98684,0.015
11.2,-1.76315,0.726294,-0.463648,0.9,8.00184,0.015
11.2167,-1.75644,0.712878,-0.463648,0.9,8.01684,0.015
11.2333,-1.74973,0.699461,-0.463648,0.9,8.03184,0.015
11.25,-1.74302,0.686045,-0.463648,0.9,8.04684,0.015
11.2667,-1.73631,0.672628,-0.463648,0.9,8.06184,0.015
11.2833,-1.72961,0.659212,-0.463648,0.9,8.07684,0.015
11.3,-1.7229,0.645796,-0.463648,0.9,8.09184,0.015
11.3167,-1.71619,0.632379,-0.463648,0.9,8.10684,0.015
11.3333,-1.70948,0.618963,-0.463648,0.9,8.12184,0.015
11.35,-1.70277,0.605546,-0.463648,0.9,8.13684,0.015
11.3667,-1.69606,0.59213,-0.463648,0.9,8.15184,0.015
11.3833,-1.68936,0.578714,-0.463648,0.9,8.16684,0.015
11.4,-1.68265,0.565297,-0.463648,0.9,8.18184,0.015
11.4167,-1.67594,0.551881,-0.463648,0.9,8.19684,0.015
11.4333,-1.66923,0.538464,-0.463648,0.9,8.21184,0.015
11.45,-1.66252,0.525048,-0.463648,0.9,8.22684,0.015
11.4667,-1.65582,0.511631,-0.463648,0.9,8.24184,0.015
11.4833,-1.64911,0.498215,-0.463648,0.9,8.25684,0.015
11.5,-1.6424,0.484799,-0.463648,0.9,8.27184,0.015
11.5167,-1.63569,0.471382,-0.463648,0.9,8.28684,0.015
11.5333,-1.62898,0.457966,-0.463648,0.9,8.30184,0.015
11.55,-1.62227,0.444549,-0.463648,0.9,8.31684,0.015
11.5667,-1.61557,0.431133,-0.463648,0.9,8.33184,0.015
11.5833,-1.60886,0.417717,-0.463648,0.9,8.34684,0.015
11.6,-1.60215,0.4043,-0.463648,0.9,8.36185,0.015
11.6167,-1.59544,0.390884,-0.463648,0.9,8.37685,0.015
11.6333,-1.58873,0.377467,-0.463648,0.9,8.39185,0.015
11.65,-1.58203,0.364051,-0.463648,0.9,8.40685,0.015
11.6667,-1.57532,0.350635,-0.463648,0.9,8.42185,0.015
11.6833,-1.56861,0.337218,-0.463648,0.9,8.43685,0.015
11.7,-1.5619,0.323802,-0.463648,0.9,8.45185,0.015
11.7167,-1.55519,0.310385,-0.463648,0.9,8.46685,0.015
11.7333,-1.54848,0.296969,-0.463648,0.9,8.48185,0.015
11.75,-1.54178,0.283553,-0.463648,0.9,8.49685,0.015
11.7667,-1.53507,0.270136,-0.463648,0.9,8.51185,0.015
11.7833,-1.52836,0.25672,-0.463648,0.9,8.52685,0.015
11.8,-1.52165,0.243303,-0.463648,0.9,8.54185,0.015
11.8167,-1.51494,0.229887,-0.463648,0.9,8.55685,0.015
11.8333,-1.50824,0.21647,-0.463648,0.9,8.57185,0.015
11.85,-1.50153,0.203054,-0.463648,0.9,8.58685,0.015
11.8667,-1.49482,0.189638,-0.463648,0.9,8.60185,0.015
11.8833,-1.48811,0.176221,-0.463648,0.9,8.61685,0.015
11.9,-1.4814,0.162805,-0.463648,0.9,8.63185,0.015
11.9167,-1.47469,0.149388,-0.463648,0.9,8.64685,0.015
11.9333,-1.46799,0.135972,-0.463648,0.9,8.66185,0.015
11.95,-1.46128,0.122556,-0.463648,0.9,8.67685,0.015
11.9667,-1.45457,0.109139,-0.463648,0.9,8.69185,0.015
11.9833,-1.44786,0.0957228,-0.463648,0.9,8.70685,0.015
12,-1.44115,0.0823064,-0.463648,0.9,8.72185,0.015
12.0167,-1.43444,0.06889,-0.463648,0.9,8.73685,0.015
12.0333,-1.42774,0.0554736,-0.463648,0.9,8.75185,0.015
12.05,-1.42103,0.0420572,-0.463648,0.9,8.76685,0.015
12.0667,-1.41432,0.0286407,-0.463648,0.9,8.78185,0.015
12.0833,-1.40761,0.0152243,-0.463648,0.9,8.79685,0.015
12.1,-1.4009,0.00180793,-0.463648,0.9,8.81186,0.015
12.1167,-1.3942,-0.0116085,-0.463648,0.9,8.82686,0.015
12.1333,-1.38749,-0.0250249,-0.463648,0.9,8.84186,0.015
12.15,-1.38078,-0.0384413,-0.463648,0.9,8.85686,0.015
12.1667,-1.37407,-0.0518577,-0.463648,0.9,8.87186,0.015
12.1833,-1.36736,-0.0652741,-0.463648,0.9,8.88686,0.015
12.2,-1.36065,-0.0786905,-0.463648,0.9,8.90186,0.015
12.2167,-1.35395,-0.0921069,-0.463648,0.9,8.91686,0.015
12.2333,-1.34724,-0.105523,-0.463648,0.9,8.93186,0.015
12.25,-1.34053,-0.11894,-0.463648,0.9,8.94686,0.015
12.2667,-1.33382,-0.132356,-0.463648,0.9,8.96186,0.015
12.2833,-1.32711,-0.145773,-0.463648,0.9,8.97686,0.015
12.3,-1.32041,-0.159189,-0.463648,0.9,8.99186,0.015
12.3167,-1.3137,-0.172605,-0.463648,0.9,9.00686,0.015
12.3333,-1.30699,-0.186022,-0.463648,0.9,9.02186,0.015
12.35,-1.30028,-0.199438,-0.463648,0.9,9.03686,0.015
12.3667,-1.29357,-0.212855,-0.463648,0.9,9.05186,0.015
12.3833,-1.28686,-0.226271,-0.463648,0.9,9.06686,0.015
12.4,-1.28016,-0.239687,-0.463648,0.9,9.08186,0.015
12.4167,-1.27345,-0.253104,-0.463648,0.9,9.09686,0.015
12.4333,-1.26674,-0.26652,-0.463648,0.9,9.11186,0.015
12.45,-1.26003,-0.279937,-0.463648,0.9,9.12686,0.015
12.4667,-1.25332,-0.293353,-0.463648,0.9,9.14186,0.015
12.4833,-1.24662,-0.306769,-0.463648,0.9,9.15686,0.015
12.5,-1.23991,-0.320186,-0.463648,0.9,9.17186,0.015
12.5167,-1.2332,-0.333602,-0.463648,0.9,9.18686,0.015
12.5333,-1.22649,-0.347019,-0.463648,0.9,9.20186,0.015
12.55,-1.21978,-0.360435,-0.463648,0.9,9.21686,0.015
12.5667,-1.21307,-0.373852,-0.463648,0.9,9.23186,0.015
12.5833,-1.20637,-0.387268,-0.463648,0.9,9.24687,0.015
12.6,-1.19966,-0.400684,-0.463648,0.9,9.26187,0.015
12.6167,-1.19295,-0.414101,-0.463648,0.9,9.27687,0.015
12.6333,-1.18624,-0.427517,-0.463648,0.9,9.29187,0.015
12.65,-1.17953,-0.440934,-0.463648,0.9,9.30687,0.015
12.6667,-1.17282,-0.45435,-0.463648,0.9,9.32187,0.015
12.6833,-1.16612,-0.467766,-0.463648,0.9,9.33687,0.015
12.7,-1.15941,-0.481183,-0.463648,0.9,9.35187,0.015
12.7167,-1.1527,-0.494599,-0.463648,0.9,9.36687,0.015
12.7333,-1.14599,-0.508016,-0.463648,0.9,9.38187,0.015
12.75,-1.13928,-0.521432,-0.463648,0.9,9.39687,0.015
12.7667,-1.13258,-0.534848,-0.463648,0.9,9.41187,0.015
12.7833,-1.12587,-0.548265,-0.463648,0.9,9.42687,0.015
12.8,-1.11916,-0.561681,-0.463648,0.9,9.44187,0.015
12.8167,-1.11245,-0.575098,-0.463648,0.9,9.45687,0.015
12.8333,-1.10574,-0.588514,-0.463648,0.9,9.47187,0.015
12.85,-1.09903,-0.60193,-0.463648,0.9,9.48687,0.015
12.8667,-1.09233,-0.615347,-0.463648,0.9,9.50187,0.015
12.8833,-1.08562,-0.628763,-0.463648,0.9,9.51687,0.015
12.9,-1.07891,-0.64218,-0.463648,0.9,9.53187,0.015
12.9167,-1.0722,-0.655596,-0.463648,0.9,9.54687,0.015
12.9333,-1.06549,-0.669013,-0.463648,0.9,9.56187,0.015
12.95,-1.05879,-0.682429,-0.463648,0.9,9.57687,0.015
12.9667,-1.05208,-0.695845,-0.463648,0.9,9.59187,0.015
12.9833,-1.04537,-0.709262,-0.463648,0.9,9.60687,0.015
13,-1.03866,-0.722678,-0.463648,0.9,9.62187,0.015
13.0167,-1.03195,-0.736095,-0.463648,0.9,9.63687,0.015
13.0333,-1.02524,-0.749511,-0.463648,0.9,9.65187,0.015
13.05,-1.01854,-0.762927,-0.463648,0.9,9.66687,0.015
13.0667,-1.01183,-0.776344,-0.463648,0.9,9.68188,0.015
13.0833,-1.00512,-0.78976,-0.463648,0.9,9.69688,0.015
13.1,-0.998411,-0.803177,-0.463648,0.9,9.71188,0.015
13.1167,-0.991703,-0.816593,-0.463648,0.9,9.72688,0.015
13.1333,-0.984995,-0.830009,-0.463648,0.9,9.74188,0.015
13.15,-0.978287,-0.843426,-0.463648,0.9,9.75688,0.015
13.1667,-0.971579,-0.856842,-0.463648,0.9,9.77188,0.015
13.1833,-0.96487,-0.870259,-0.463648,0.9,9.78688,0.015
13.2,-0.958162,-0.883675,-0.463648,0.9,9.80188,0.015
13.2167,-0.951454,-0.897092,-0.463648,0.9,9.81688,0.015
13.2333,-0.944746,-0.910508,-0.463648,0.9,9.83188,0.015
13.25,-0.938038,-0.923924,-0.463648,0.9,9.84688,0.015
13.2667,-0.931329,-0.937341,-0.463648,0.9,9.86188,0.015
13.2833,-0.924621,-0.950757,-0.463648,0.9,9.87688,0.015
13.3,-0.917913,-0.964174,-0.463648,0.9,9.89188,0.015
13.3167,-0.911205,-0.97759,-0.463648,0.9,9.90688,0.015
13.3333,-0.904497,-0.991006,-0.463648,0.9,9.92188,0.015
13.35,-0.897788,-1.00442,-0.463648,0.9,9.93688,0.015
13.3667,-0.89108,-1.01784,-0.463648,0.9,9.95188,0.015
13.3833,-0.884372,-1.03126,-0.463648,0.9,9.96688,0.015
13.4,-0.877664,-1.04467,-0.463648,0.9,9.98188,0.015
13.4167,-0.870956,-1.05809,-0.463648,0.9,9.99688,0.015
13.4333,-0.864247,-1.0715,-0.463648,0.9,10.0119,0.015
13.45,-0.857539,-1.08492,-0.463648,0.9,10.0269,0.015
13.4667,-0.850831,-1.09834,-0.463648,0.9,10.0419,0.015
13.4833,-0.844123,-1.11175,-0.463648,0.9,10.0569,0.015
13.5,-0.837415,-1.12517,-0.463648,0.9,10.0719,0.015
13.5167,-0.830706,-1.13859,-0.463648,0.9,10.0869,0.015
13.5333,-0.823998,-1.152,-0.463648,0.9,10.1019,0.015
13.55,-0.81729,-1.16542,-0.463648,0.9,10.1169,0.015
13.5667,-0.810582,-1.17884,-0.463648,0.9,10.1319,0.015
13.5833,-0.803874,-1.19225,-0.463648,0.9,10.1469,0.015
13.6,-0.797165,-1.20567,-0.463648,0.9,10.1619,0.015
13.6167,-0.790459,-1.21908,-0.463648,0.899495,10.1769,0.0149957
13.6333,-0.783879,-1.23224,-0.463648,0.866161,10.1916,0.0147138
13.65,-0.777547,-1.24491,-0.463648,0.832828,10.2058,0.0141582
13.6667,-0.771464,-1.25707,-0.463648,0.799495,10.2194,0.0136027
13.6833,-0.765629,-1.26874,-0.463648,0.766161,10.2324,0.0130472
13.7,-0.760042,-1.27991,-0.463648,0.732828,10.2449,0.0124915
13.7167,-0.754705,-1.29059,-0.463648,0.699495,10.2568,0.011936
13.7333,-0.749615,-1.30077,-0.463648,0.666161,10.2682,0.0113805
13.75,-0.744774,-1.31045,-0.463648,0.632828,10.279,0.0108249
13.7667,-0.740181,-1.31964,-0.463648,0.599495,10.2893,0.0102694
13.7833,-0.735837,-1.32833,-0.463648,0.566161,10.299,0.00971385
13.8,-0.731742,-1.33652,-0.463648,0.532828,10.3082,0.0091582
13.8167,-0.727894,-1.34421,-0.463648,0.499495,10.3168,0.00860269
13.8333,-0.724295,-1.35141,-0.463648,0.466161,10.3248,0.00804718
13.85,-0.720945,-1.35811,-0.463648,0.432828,10.3323,0.00749154
13.8667,-0.717843,-1.36431,-0.463648,0.399495,10.3393,0.00693603
13.8833,-0.71499,-1.37002,-0.463648,0.366161,10.3456,0.00638052
13.9,-0.712385,-1.37523,-0.463648,0.332828,10.3515,0.00582487
13.9167,-0.710028,-1.37994,-0.463648,0.299495,10.3567,0.00526936
13.9333,-0.70792,-1.38416,-0.463648,0.266161,10.3614,0.00471385
13.95,-0.706061,-1.38788,-0.463648,0.232828,10.3656,0.0041582
13.9667,-0.704449,-1.3911,-0.463648,0.199495,10.3692,0.00360269
13.9833,-0.703087,-1.39383,-0.463648,0.166161,10.3723,0.00304718
14,-0.701972,-1.39605,-0.463648,0.132828,10.3747,0.00249154
14.0167,-0.701107,-1.39779,-0.463648,0.0994947,10.3767,0.00193603
14.0333,-0.700489,-1.39902,-0.463648,0.0661614,10.3781,0.00138051
14.05,-0.70012,-1.39976,-0.463648,0.0328281,10.3789,0.00082487
14.0667,-0.7,-1.4,-0.463648,0,10.3792,0.000269359
14.0833,-0.699843,-1.40016,-0.510314,0.0266667,10.3794,0.000222198
14.1,-0.699371,-1.40063,-0.556981,0.0533333,10.38,0.000666637
14.1167,-0.698586,-1.40141,-0.603648,0.08,10.3812,0.00111112
14.1333,-0.697486,-1.40251,-0.650314,0.106667,10.3827,0.00155556
14.15,-0.696072,-1.40393,-0.696981,0.133333,10.3847,0.00199999
14.1667,-0.694343,-1.40566,-0.743648,0.16,10.3872,0.00244448
14.1833,-0.6923,-1.4077,-0.785398,0.186667,10.39,0.00288891
14.2,-0.689943,-1.41006,-0.785398,0.213333,10.3934,0.00333331
14.2167,-0.687272,-1.41273,-0.785398,0.24,10.3972,0.00377775
14.2333,-0.684286,-1.41571,-0.785398,0.266667,10.4014,0.00422223
14.25,-0.680987,-1.41901,-0.785398,0.293333,10.406,0.00466667
14.2667,-0.677373,-1.42263,-0.785398,0.32,10.4112,0.00511111
14.2833,-0.673444,-1.42656,-0.785398,0.346667,10.4167,0.00555559
14.3,-0.669201,-1.4308,-0.785398,0.373333,10.4227,0.00600003
14.3167,-0.664645,-1.43536,-0.785398,0.4,10.4292,0.00644442
14.3333,-0.659773,-1.44023,-0.785398,0.426667,10.436,0.00688886
14.35,-0.654588,-1.44541,-0.785398,0.453333,10.4434,0.00733334
14.3667,-0.649088,-1.45091,-0.785398,0.48,10.4512,0.00777778
14.3833,-0.643274,-1.45673,-0.785398,0.506667,10.4594,0.00822222
14.4,-0.637146,-1.46285,-0.785398,0.533333,10.468,0.0086667
14.4167,-0.630703,-1.4693,-0.785398,0.56,10.4772,0.00911114
14.4333,-0.623947,-1.47605,-0.785398,0.586667,10.4867,0.00955553
14.45,-0.616876,-1.48312,-0.785398,0.613333,10.4967,0.00999997
14.4667,-0.60949,-1.49051,-0.785398,0.64,10.5072,0.0104445
14.4833,-0.601791,-1.49821,-0.785398,0.666667,10.518,0.0108889
14.5,-0.593777,-1.50622,-0.785398,0.693333,10.5294,0.0113333
14.5167,-0.585449,-1.51455,-0.785398,0.72,10.5412,0.0117778
14.5333,-0.576806,-1.52319,-0.785398,0.746666,10.5534,0.0122222
14.55,-0.56785,-1.53215,-0.785398,0.773333,10.566,0.0126666
14.5667,-0.558579,-1.54142,-0.785398,0.8,10.5792,0.0131111
14.5833,-0.548993,-1.55101,-0.785398,0.826666,10.5927,0.0135556
14.6,-0.539094,-1.56091,-0.785398,0.853333,10.6067,0.014
14.6167,-0.529031,-1.57097,-0.785398,0.854348,10.6209,0.0142307
14.6333,-0.519159,-1.58084,-0.785398,0.821015,10.6349,0.0139614
14.65,-0.50968,-1.59032,-0.785398,0.787682,10.6483,0.0134058
14.6667,-0.500593,-1.59941,-0.785398,0.754348,10.6612,0.0128502
14.6833,-0.4919,-1.6081,-0.785398,0.721015,10.6735,0.0122947
14.7,-0.483599,-1.6164,-0.785398,0.687682,10.6852,0.0117391
14.7167,-0.475691,-1.62431,-0.785398,0.654349,10.6964,0.0111836
14.7333,-0.468176,-1.63182,-0.785398,0.621015,10.707,0.0106281
14.75,-0.461053,-1.63895,-0.785398,0.587682,10.7171,0.0100724
14.7667,-0.454324,-1.64568,-0.785398,0.554349,10.7266,0.00951693
14.7833,-0.447987,-1.65201,-0.785398,0.521015,10.7356,0.00896139
14.8,-0.442043,-1.65796,-0.785398,0.487682,10.744,0.00840579
14.8167,-0.436492,-1.66351,-0.785398,0.454349,10.7518,0.00785025
14.8333,-0.431334,-1.66867,-0.785398,0.421015,10.7591,0.00729473
14.85,-0.426569,-1.67343,-0.785399,0.387682,10.7658,0.00673913
14.8667,-0.422197,-1.6778,-0.785399,0.354349,10.772,0.0061836
14.8833,-0.418217,-1.68178,-0.785399,0.321015,10.7777,0.00562799
14.9,-0.41463,-1.68537,-0.785398,0.287682,10.7827,0.00507246
14.9167,-0.411436,-1.68856,-0.785398,0.254349,10.7872,0.00451694
14.9333,-0.408635,-1.69136,-0.785399,0.221015,10.7912,0.00396134
14.95,-0.406227,-1.69377,-0.785396,0.187682,10.7946,0.0034058
14.9667,-0.404211,-1.69579,-0.785396,0.154349,10.7975,0.00285029
14.9833,-0.402589,-1.69741,-0.785398,0.121015,10.7998,0.00229466
15,-0.401359,-1.69864,-0.785392,0.0876822,10.8015,0.00173915
15.0167,-0.400522,-1.69948,-0.785387,0.0543489,10.8027,0.00118361
15.0333,-0.400078,-1.69992,-0.785427,0.0210156,10.8033,0.00062803
15.05,-0.4,-1.7,-0.785207,0,10.8034,0.000110404
15.0667,-0.4,-1.7,-0.831874,0,10.8034,0
15.0833,-0.4,-1.7,-0.878541,0,10.8034,0
15.1,-0.4,-1.7,-0.925207,0,10.8034,0
15.1167,-0.4,-1.7,-0.971874,0,10.8034,0
15.1333,-0.4,-1.7,-1.01854,0,10.8034,0
15.15,-0.4,-1.7,-1.06521,0,10.8034,0
15.1667,-0.4,-1.7,-1.11187,0,10.8034,0
15.1833,-0.4,-1.7,-1.15854,0,10.8034,0
15.2,-0.4,-1.7,-1.20521,0,10.8034,0
15.2167,-0.4,-1.7,-1.25187,0,10.8034,0
15.2333,-0.4,-1.7,-1.29854,0,10.8034,0
15.25,-0.4,-1.7,-1.34521,0,10.8034,0
15.2667,-0.4,-1.7,-1.39187,0,10.8034,0
15.2833,-0.39978,-1.69997,-1.43854,0.0266667,10.8036,0.00022224
15.3,-0.39912,-1.69987,-1.48521,0.0533333,10.8043,0.000666675
15.3167,-0.39802,-1.69972,-1.53187,0.08,10.8054,0.00111111
15.3333,-0.39648,-1.6995,-1.57854,0.106667,10.807,0.00155554
15.35,-0.3945,-1.69921,-1.62521,0.133333,10.809,0.00199999
15.3667,-0.39208,-1.69887,-1.67187,0.16,10.8114,0.00244446
15.3833,-0.38922,-1.69846,-1.71269,0.186667,10.8143,0.00288889
15.4,-0.385921,-1.69799,-1.71269,0.213333,10.8176,0.00333333
15.4167,-0.382181,-1.69745,-1.71269,0.24,10.8214,0.00377778
15.4333,-0.378001,-1.69686,-1.71269,0.266667,10.8256,0.00422221
15.45,-0.373381,-1.6962,-1.71269,0.293333,10.8303,0.00466668
15.4667,-0.368322,-1.69547,-1.71269,0.32,10.8354,0.00511111
15.4833,-0.362822,-1.69469,-1.71269,0.346667,10.841,0.00555556
15.5,-0.356882,-1.69384,-1.71269,0.373333,10.847,0.006
15.5167,-0.350502,-1.69293,-1.71269,0.4,10.8534,0.00644443
15.5333,-0.343683,-1.69195,-1.71269,0.426667,10.8603,0.00688889
15.55,-0.336423,-1.69092,-1.71269,0.453333,10.8676,0.00733334
15.5667,-0.328724,-1.68982,-1.71269,0.48,10.8754,0.00777778
15.5833,-0.320584,-1.68865,-1.71269,0.506667,10.8836,0.00822221
15.6,-0.312004,-1.68743,-1.71269,0.533333,10.8923,0.00866666
15.6167,-0.302985,-1.68614,-1.71269,0.56,10.9014,0.00911113
15.6333,-0.293525,-1.68479,-1.71269,0.586667,10.911,0.00955556
15.65,-0.283626,-1.68337,-1.71269,0.613333,10.921,0.01
15.6667,-0.273286,-1.6819,-1.71269,0.64,10.9314,0.0104444
15.6833,-0.262507,-1.68036,-1.71269,0.666667,10.9423,0.0108889
15.7,-0.251287,-1.67876,-1.71269,0.693333,10.9536,0.0113333
15.7167,-0.239628,-1.67709,-1.71269,0.72,10.9654,0.0117778
15.7333,-0.227529,-1.67536,-1.71269,0.746666,10.9776,0.0122222
15.75,-0.214989,-1.67357,-1.71269,0.773333,10.9903,0.0126667
15.7667,-0.20201,-1.67172,-1.71269,0.8,11.0034,0.0131111
15.7833,-0.188591,-1.6698,-1.71269,0.826666,11.017,0.0135556
15.8,-0.174731,-1.66782,-1.71269,0.853333,11.031,0.014
15.8167,-0.160432,-1.66578,-1.71269,0.88,11.0454,0.0144444
15.8333,-0.145748,-1.66368,-1.71269,0.9,11.0603,0.0148333
15.85,-0.130899,-1.66156,-1.71269,0.9,11.0753,0.015
15.8667,-0.116049,-1.65944,-1.71269,0.9,11.0903,0.015
15.8833,-0.1012,-1.65731,-1.71269,0.9,11.1053,0.015
15.9,-0.0863509,-1.65519,-1.71269,0.9,11.1203,0.015
15.9167,-0.0715017,-1.65307,-1.71269,0.9,11.1353,0.015
15.9333,-0.0566524,-1.65095,-1.71269,0.9,11.1503,0.015
15.95,-0.0418032,-1.64883,-1.71269,0.9,11.1653,0.015
15.9667,-0.0269539,-1.64671,-1.71269,0.9,11.1803,0.015
15.9833,-0.0121047,-1.64459,-1.71269,0.9,11.1953,0.015
16,0.00274455,-1.64246,-1.71269,0.9,11.2103,0.015
16.0167,0.0175938,-1.64034,-1.71269,0.9,11.2253,0.015
16.0333,0.032443,-1.63822,-1.71269,0.9,11.2403,0.015
16.05,0.0472923,-1.6361,-1.71269,0.9,11.2553,0.015
16.0667,0.0621415,-1.63398,-1.71269,0.9,11.2703,0.015
16.0833,0.0769908,-1.63186,-1.71269,0.9,11.2853,0.015
16.1,0.09184,-1.62974,-1.71269,0.9,11.3003,0.015
16.1167,0.106689,-1.62762,-1.71269,0.9,11.3153,0.015
16.1333,0.121539,-1.62549,-1.71269,0.9,11.3303,0.015
16.15,0.136388,-1.62337,-1.71269,0.9,11.3453,0.015
16.1667,0.151237,-1.62125,-1.71269,0.9,11.3603,0.015
16.1833,0.166086,-1.61913,-1.71269,0.9,11.3753,0.015
16.2,0.180935,-1.61701,-1.71269,0.9,11.3903,0.015
16.2167,0.195785,-1.61489,-1.71269,0.9,11.4053,0.015
16.2333,0.210634,-1.61277,-1.71269,0.9,11.4203,0.015
16.25,0.225483,-1.61064,-1.71269,0.9,11.4353,0.015
16.2667,0.240332,-1.60852,-1.71269,0.9,11.4503,0.015
16.2833,0.255182,-1.6064,-1.71269,0.9,11.4653,0.015
16.3,0.270031,-1.60428,-1.71269,0.9,11.4803,0.015
16.3167,0.28488,-1.60216,-1.71269,0.9,11.4953,0.015
16.3333,0.299729,-1.60004,-1.71269,0.9,11.5103,0.015
16.35,0.314579,-1.59792,-1.71269,0.9,11.5253,0.015
16.3667,0.329428,-1.5958,-1.71269,0.9,11.5403,0.015
16.3833,0.344277,-1.59367,-1.71269,0.9,11.5553,0.015
16.4,0.359126,-1.59155,-1.71269,0.9,11.5703,0.015
16.4167,0.373976,-1.58943,-1.71269,0.9,11.5853,0.015
16.4333,0.388825,-1.58731,-1.71269,0.9,11.6003,0.015
16.45,0.403674,-1.58519,-1.71269,0.9,11.6153,0.015
16.4667,0.418523,-1.58307,-1.71269,0.9,11.6303,0.015
16.4833,0.433373,-1.58095,-1.71269,0.9,11.6453,0.015
16.5,0.448222,-1.57882,-1.71269,0.9,11.6603,0.015
16.5167,0.462821,-1.57674,-1.71269,0.869665,11.675,0.0147472
16.5333,0.476895,-1.57473,-1.71269,0.836332,11.6892,0.0142166
16.55,0.490418,-1.5728,-1.71269,0.802999,11.7029,0.0136611
16.5667,0.503392,-1.57094,-1.71269,0.769665,11.716,0.0131056
16.5833,0.515816,-1.56917,-1.71269,0.736332,11.7285,0.01255
16.6,0.52769,-1.56747,-1.71269,0.702999,11.7405,0.0119944
16.6167,0.539014,-1.56585,-1.71269,0.669665,11.752,0.0114389
16.6333,0.549788,-1.56432,-1.71269,0.636332,11.7629,0.0108833
16.65,0.560012,-1.56286,-1.71269,0.602999,11.7732,0.0103278
16.6667,0.569686,-1.56147,-1.71269,0.569665,11.783,0.00977223
16.6833,0.57881,-1.56017,-1.71269,0.536332,11.7922,0.00921667
16.7,0.587384,-1.55894,-1.71269,0.502999,11.8008,0.00866112
16.7167,0.595408,-1.5578,-1.71269,0.469665,11.8089,0.00810556
16.7333,0.602882,-1.55673,-1.71269,0.436332,11.8165,0.00755001
16.75,0.609806,-1.55574,-1.71269,0.402999,11.8235,0.00699446
16.7667,0.616181,-1.55483,-1.71269,0.369665,11.8299,0.00643888
16.7833,0.622005,-1.554,-1.71269,0.336332,11.8358,0.00588333
16.8,0.627279,-1.55325,-1.71269,0.302999,11.8411,0.00532779
16.8167,0.632003,-1.55257,-1.71269,0.269665,11.8459,0.00477222
16.8333,0.636178,-1.55197,-1.71269,0.236332,11.8501,0.00421667
16.85,0.639802,-1.55146,-1.7127,0.202999,11.8538,0.00366105
16.8667,0.642876,-1.55102,-1.7127,0.169665,11.8569,0.0031055
16.8833,0.6454,-1.55066,-1.71271,0.136332,11.8594,0.00254994
16.9,0.647375,-1.55037,-1.71272,0.102999,11.8614,0.00199439
16.9167,0.648799,-1.55017,-1.71273,0.0696653,11.8629,0.00143883
16.9333,0.649674,-1.55005,-1.71278,0.0363319,11.8638,0.000883297
16.95,0.649998,-1.55,-1.71259,0.00299861,11.8641,0.000327784
16.9667,0.649998,-1.55,-1.75926,0,11.8641,0
16.9833,0.649998,-1.55,-1.80592,0,11.8641,0
17,0.649998,-1.55,-1.85259,0,11.8641,0
17.0167,0.649998,-1.55,-1.89926,0,11.8641,0
17.0333,0.649998,-1.55,-1.94592,0,11.8641,0
17.05,0.649998,-1.55,-1.99259,0,11.8641,0
17.0667,0.649998,-1.55,-2.03926,0,11.8641,0
17.0833,0.649998,-1.55,-2.08592,0,11.8641,0
17.1,0.649998,-1.55,-2.13259,0,11.8641,0
17.1167,0.649998,-1.55,-2.17926,0,11.8641,0
17.1333,0.649998,-1.55,-2.22592,0,11.8641,0
17.15,0.649998,-1.55,-2.27259,0,11.8641,0
17.1667,0.649998,-1.55,-2.31926,0,11.8641,0
17.1833,0.649998,-1.55,-2.36592,0,11.8641,0
17.2,0.650093,-1.5498,-2.41259,0.0266667,11.8643,0.000222255
17.2167,0.650379,-1.5492,-2.45926,0.0533333,11.865,0.000666658
17.2333,0.650854,-1.54819,-2.50592,0.08,11.8661,0.00111106
17.25,0.65152,-1.54679,-2.55259,0.106667,11.8676,0.00155557
17.2667,0.652376,-1.54498,-2.59926,0.133333,11.8696,0.00199997
17.2833,0.653423,-1.54277,-2.64592,0.16,11.8721,0.00244448
17.3,0.654659,-1.54016,-2.69259,0.186667,11.875,0.00288889
17.3167,0.656086,-1.53715,-2.69922,0.213333,11.8783,0.00333329
17.3333,0.657704,-1.53373,-2.69922,0.24,11.8821,0.0037778
17.35,0.659511,-1.52992,-2.69922,0.266667,11.8863,0.0042222
17.3667,0.661509,-1.5257,-2.69922,0.293333,11.891,0.0046666
17.3833,0.663697,-1.52108,-2.69922,0.32,11.8961,0.00511114
17.4,0.666075,-1.51606,-2.69922,0.346667,11.9016,0.00555554
17.4167,0.668644,-1.51064,-2.69922,0.373333,11.9076,0.00600005
17.4333,0.671402,-1.50481,-2.69922,0.4,11.9141,0.00644445
17.45,0.674351,-1.49859,-2.69922,0.426667,11.921,0.00688886
17.4667,0.677491,-1.49196,-2.69922,0.453333,11.9283,0.00733337
17.4833,0.68082,-1.48493,-2.69922,0.48,11.9361,0.00777777
17.5,0.68434,-1.4775,-2.69922,0.506667,11.9443,0.00822228
17.5167,0.68805,-1.46967,-2.69922,0.533333,11.953,0.00866668
17.5333,0.691951,-1.46143,-2.69922,0.56,11.9621,0.00911108
17.55,0.696041,-1.4528,-2.69922,0.586667,11.9716,0.00955559
17.5667,0.700322,-1.44376,-2.69922,0.613333,11.9816,0.01
17.5833,0.704793,-1.43432,-2.69922,0.64,11.9921,0.0104444
17.6,0.709455,-1.42448,-2.69922,0.666667,12.003,0.0108889
17.6167,0.714306,-1.41424,-2.69922,0.693333,12.0143,0.0113333
17.6333,0.719348,-1.40359,-2.69922,0.72,12.0261,0.0117777
17.65,0.72458,-1.39255,-2.69922,0.746666,12.0383,0.0122222
17.6667,0.730003,-1.3811,-2.69922,0.773333,12.051,0.0126666
17.6833,0.735615,-1.36925,-2.69922,0.8,12.0641,0.0131111
17.7,0.741418,-1.357,-2.69922,0.826666,12.0776,0.0135555
17.7167,0.747411,-1.34435,-2.69922,0.853333,12.0916,0.0139999
17.7333,0.753595,-1.3313,-2.69922,0.88,12.1061,0.0144445
17.75,0.759945,-1.31789,-2.69922,0.9,12.1209,0.0148333
17.7667,0.766366,-1.30433,-2.69922,0.9,12.1359,0.0150001
17.7833,0.772788,-1.29078,-2.69922,0.9,12.1509,0.0150001
17.8,0.779209,-1.27722,-2.69922,0.9,12.1659,0.0150001
17.8167,0.78563,-1.26367,-2.69922,0.9,12.1809,0.0150001
17.8333,0.792051,-1.25011,-2.69922,0.9,12.1959,0.0150001
17.85,0.798473,-1.23655,-2.69922,0.9,12.2109,0.0150001
17.8667,0.804894,-1.223,-2.69922,0.9,12.2259,0.0150001
17.8833,0.811315,-1.20944,-2.69922,0.9,12.2409,0.0150001
17.9,0.817737,-1.19588,-2.69922,0.9,12.2559,0.0150001
17.9167,0.824158,-1.18233,-2.69922,0.9,12.2709,0.0150001
17.9333,0.830579,-1.16877,-2.69922,0.9,12.2859,0.0150001
17.95,0.837001,-1.15522,-2.69922,0.9,12.3009,0.0150001
17.9667,0.843422,-1.14166,-2.69922,0.9,12.3159,0.0150001
17.9833,0.849843,-1.1281,-2.69922,0.9,12.3309,0.0150001
18,0.856265,-1.11455,-2.69922,0.9,12.3459,0.0150001
18.0167,0.862686,-1.10099,-2.69922,0.9,12.3609,0.0150001
18.0333,0.869107,-1.08744,-2.69922,0.9,12.3759,0.0150001
18.05,0.875529,-1.07388,-2.69922,0.9,12.3909,0.0150001
18.0667,0.88195,-1.06032,-2.69922,0.9,12.4059,0.0150001
18.0833,0.888371,-1.04677,-2.69922,0.9,12.4209,0.015
18.1,0.894793,-1.03321,-2.69922,0.9,12.4359,0.0150001
18.1167,0.901214,-1.01966,-2.69922,0.9,12.4509,0.0150001
18.1333,0.907635,-1.0061,-2.69922,0.9,12.4659,0.0150001
18.15,0.914057,-0.992543,-2.69922,0.9,12.4809,0.015
18.1667,0.920478,-0.978987,-2.69922,0.9,12.4959,0.015
18.1833,0.926899,-0.965431,-2.69922,0.9,12.5109,0.015
18.2,0.933321,-0.951875,-2.69922,0.9,12.5259,0.015
18.2167,0.939742,-0.938319,-2.69922,0.9,12.5409,0.015
18.2333,0.946163,-0.924763,-2.69922,0.9,12.5559,0.015
18.25,0.952585,-0.911207,-2.69922,0.9,12.5709,0.015
18.2667,0.959006,-0.897651,-2.69922,0.9,12.5859,0.015
18.2833,0.965427,-0.884095,-2.69922,0.9,12.6009,0.015
18.3,0.971849,-0.870539,-2.69922,0.9,12.6159,0.015
18.3167,0.97827,-0.856983,-2.69922,0.9,12.6309,0.015
18.3333,0.984691,-0.843427,-2.69922,0.9,12.6459,0.015
18.35,0.991113,-0.829871,-2.69922,0.9,12.6609,0.015
18.3667,0.997534,-0.816314,-2.69922,0.9,12.6759,0.015
18.3833,1.00396,-0.802758,-2.69922,0.9,12.6909,0.015
18.4,1.01038,-0.789202,-2.69922,0.9,12.7059,0.015
18.4167,1.0168,-0.775646,-2.69922,0.9,12.7209,0.015
18.4333,1.02322,-0.76209,-2.69922,0.9,12.7359,0.015
18.45,1.02964,-0.748534,-2.69922,0.9,12.7509,0.015
18.4667,1.03606,-0.734978,-2.69922,0.9,12.7659,0.015
18.4833,1.04248,-0.721422,-2.69922,0.9,12.7809,0.015
18.5,1.0489,-0.707866,-2.69922,0.9,12.7959,0.015
18.5167,1.05533,-0.69431,-2.69922,0.9,12.8109,0.015
18.5333,1.06175,-0.680754,-2.69922,0.9,12.8259,0.015
18.55,1.06817,-0.667198,-2.69922,0.9,12.8409,0.015
18.5667,1.07459,-0.653642,-2.69922,0.9,12.8559,0.015
18.5833,1.08101,-0.640086,-2.69922,0.9,12.8709,0.015
18.6,1.08743,-0.62653,-2.69922,0.9,12.8859,0.015
18.6167,1.09385,-0.612974,-2.69922,0.9,12.9009,0.015
18.6333,1.10028,-0.599417,-2.69922,0.9,12.9159,0.015
18.65,1.1067,-0.585861,-2.69922,0.9,12.9309,0.015
18.6667,1.11312,-0.572305,-2.69922,0.9,12.9459,0.015
18.6833,1.11954,-0.558749,-2.69922,0.9,12.9609,0.015
18.7,1.12596,-0.545193,-2.69922,0.9,12.9759,0.015
18.7167,1.13238,-0.531637,-2.69922,0.9,12.9909,0.015
18.7333,1.1388,-0.518081,-2.69922,0.9,13.0059,0.015
18.75,1.14522,-0.504525,-2.69922,0.9,13.0209,0.015
18.7667,1.15165,-0.490969,-2.69922,0.9,13.0359,0.015
18.7833,1.15807,-0.477413,-2.69922,0.9,13.0509,0.015
18.8,1.16449,-0.463857,-2.69922,0.9,13.0659,0.015
18.8167,1.17091,-0.450301,-2.69922,0.9,13.0809,0.015
18.8333,1.17733,-0.436745,-2.69922,0.9,13.0959,0.015
18.85,1.18375,-0.423189,-2.69922,0.9,13.1109,0.015
18.8667,1.19017,-0.409633,-2.69922,0.9,13.1259,0.015
18.8833,1.1966,-0.396077,-2.69922,0.9,13.1409,0.015
18.9,1.20302,-0.38252,-2.69922,0.9,13.1559,0.015
18.9167,1.20944,-0.368964,-2.69922,0.9,13.1709,0.015
18.9333,1.21586,-0.355408,-2.69922,0.9,13.1859,0.015
18.95,1.22228,-0.341852,-2.69922,0.9,13.2009,0.015
18.9667,1.2287,-0.328296,-2.69922,0.9,13.2159,0.015
18.9833,1.23512,-0.31474,-2.69922,0.9,13.2309,0.015
19,1.24154,-0.301184,-2.69922,0.9,13.2459,0.015
19.0167,1.24797,-0.287628,-2.69922,0.9,13.2609,0.015
19.0333,1.25439,-0.274072,-2.69922,0.9,13.2759,0.015
19.05,1.26081,-0.260516,-2.69922,0.9,13.2909,0.015
19.0667,1.26723,-0.24696,-2.69922,0.9,13.306,0.015
19.0833,1.27365,-0.233404,-2.69922,0.9,13.321,0.015
19.1,1.28007,-0.219848,-2.69922,0.9,13.336,0.015
19.1167,1.28649,-0.206292,-2.69922,0.9,13.351,0.015
19.1333,1.29291,-0.192736,-2.69922,0.9,13.366,0.015
19.15,1.29934,-0.179179,-2.69922,0.9,13.381,0.015
19.1667,1.30576,-0.165623,-2.69922,0.9,13.396,0.015
19.1833,1.31218,-0.152067,-2.69922,0.9,13.411,0.015
19.2,1.3186,-0.138511,-2.69922,0.9,13.426,0.015
19.2167,1.32502,-0.124955,-2.69922,0.9,13.441,0.015
19.2333,1.33144,-0.111399,-2.69922,0.9,13.456,0.015
19.25,1.33786,-0.0978431,-2.69922,0.9,13.471,0.015
19.2667,1.34429,-0.084287,-2.69922,0.9,13.486,0.015
19.2833,1.35071,-0.0707309,-2.69922,0.9,13.501,0.015
19.3,1.35713,-0.0571749,-2.69922,0.9,13.516,0.015
19.3167,1.36355,-0.0436188,-2.69922,0.9,13.531,0.015
19.3333,1.36997,-0.0300627,-2.69922,0.9,13.546,0.015
19.35,1.37639,-0.0165067,-2.69922,0.9,13.561,0.015
19.3667,1.38281,-0.00295059,-2.69922,0.9,13.576,0.015
19.3833,1.38923,0.0106055,-2.69922,0.9,13.591,0.015
19.4,1.39566,0.0241615,-2.69922,0.9,13.606,0.015
19.4167,1.40208,0.0377176,-2.69922,0.9,13.621,0.015
19.4333,1.4085,0.0512737,-2.69922,0.9,13.636,0.015
19.45,1.41492,0.0648298,-2.69922,0.9,13.651,0.015
19.4667,1.42134,0.0783858,-2.69922,0.9,13.666,0.015
19.4833,1.42776,0.0919419,-2.69922,0.9,13.681,0.015
19.5,1.43418,0.105498,-2.69922,0.9,13.696,0.015
19.5167,1.44061,0.119054,-2.69922,0.9,13.711,0.015
19.5333,1.44703,0.13261,-2.69922,0.9,13.726,0.015
19.55,1.45345,0.146166,-2.69922,0.9,13.741,0.015
19.5667,1.45987,0.159722,-2.69922,0.9,13.756,0.015
19.5833,1.46629,0.173278,-2.69922,0.9,13.771,0.015
19.6,1.47271,0.186834,-2.69922,0.9,13.786,0.015
19.6167,1.47913,0.200391,-2.69922,0.9,13.801,0.015
19.6333,1.48555,0.213947,-2.69922,0.9,13.816,0.015
19.65,1.49198,0.227503,-2.69922,0.9,13.831,0.015
19.6667,1.4984,0.241059,-2.69922,0.9,13.846,0.015
19.6833,1.50482,0.254615,-2.69922,0.9,13.861,0.015
19.7,1.51124,0.268171,-2.69922,0.9,13.876,0.015
19.7167,1.51766,0.281727,-2.69922,0.9,13.891,0.015
19.7333,1.52408,0.295283,-2.69922,0.9,13.906,0.015
19.75,1.5305,0.308839,-2.69922,0.9,13.921,0.015
19.7667,1.53693,0.322395,-2.69922,0.9,13.936,0.015
19.7833,1.54335,0.335951,-2.69922,0.9,13.951,0.015
19.8,1.54977,0.349507,-2.69922,0.9,13.966,0.015
19.8167,1.55619,0.363063,-2.69922,0.9,13.981,0.015
19.8333,1.56261,0.376619,-2.69922,0.9,13.996,0.015
19.85,1.56903,0.390175,-2.69922,0.9,14.011,0.015
19.8667,1.57545,0.403731,-2.69922,0.9,14.026,0.015
19.8833,1.58187,0.417288,-2.69922,0.9,14.041,0.015
19.9,1.5883,0.430844,-2.69922,0.9,14.056,0.015
19.9167,1.59472,0.4444,-2.69922,0.9,14.071,0.015
19.9333,1.60114,0.457956,-2.69922,0.9,14.086,0.015
19.95,1.60756,0.471512,-2.69922,0.9,14.101,0.015
19.9667,1.61398,0.485068,-2.69922,0.9,14.116,0.015
19.9833,1.6204,0.498624,-2.69922,0.9,14.131,0.015
20,1.62682,0.51218,-2.69922,0.9,14.146,0.015
20.0167,1.63325,0.525736,-2.69922,0.9,14.161,0.015
20.0333,1.63967,0.539292,-2.69922,0.9,14.176,0.015
20.05,1.64609,0.552848,-2.69922,0.9,14.191,0.015
20.0667,1.65251,0.566404,-2.69922,0.9,14.206,0.015
20.0833,1.65893,0.57996,-2.69922,0.9,14.221,0.015
20.1,1.66535,0.593517,-2.69922,0.9,14.236,0.015
20.1167,1.67177,0.607073,-2.69922,0.9,14.251,0.015
20.1333,1.67819,0.620629,-2.69922,0.9,14.266,0.015
20.15,1.68462,0.634185,-2.69922,0.9,14.281,0.015
20.1667,1.69104,0.647741,-2.69922,0.9,14.296,0.015
20.1833,1.69746,0.661297,-2.69922,0.9,14.311,0.015
20.2,1.70388,0.674853,-2.69922,0.9,14.326,0.015
20.2167,1.7103,0.688409,-2.69922,0.9,14.341,0.015
20.2333,1.71672,0.701965,-2.69922,0.9,14.356,0.015
20.25,1.72314,0.715521,-2.69922,0.9,14.371,0.015
20.2667,1.72956,0.729077,-2.69922,0.9,14.386,0.015
20.2833,1.73599,0.742633,-2.69922,0.9,14.401,0.015
20.3,1.74241,0.756189,-2.69922,0.9,14.416,0.015
20.3167,1.74883,0.769745,-2.69922,0.9,14.431,0.015
20.3333,1.75525,0.783301,-2.69922,0.9,14.446,0.015
20.35,1.76167,0.796857,-2.69922,0.9,14.461,0.015
20.3667,1.76809,0.810414,-2.69922,0.9,14.476,0.015
20.3833,1.77451,0.82397,-2.69922,0.9,14.491,0.015
20.4,1.78093,0.837526,-2.69922,0.9,14.506,0.015
20.4167,1.78736,0.851082,-2.69922,0.9,14.521,0.015
20.4333,1.79378,0.864638,-2.69922,0.9,14.536,0.015
20.45,1.8002,0.878194,-2.69922,0.9,14.551,0.015
20.4667,1.80662,0.89175,-2.69922,0.9,14.566,0.015
20.4833,1.81304,0.905306,-2.69922,0.9,14.581,0.015
20.5,1.81946,0.918862,-2.69922,0.9,14.596,0.015
20.5167,1.82588,0.932418,-2.69922,0.9,14.611,0.015
20.5333,1.8323,0.945974,-2.69922,0.9,14.626,0.015
20.55,1.83873,0.95953,-2.69922,0.9,14.641,0.015
20.5667,1.84515,0.973086,-2.69922,0.9,14.656,0.015
20.5833,1.85157,0.986642,-2.69922,0.9,14.671,0.015
20.6,1.85799,1.0002,-2.69922,0.9,14.686,0.0150001
20.6167,1.86441,1.01375,-2.69922,0.9,14.701,0.015
20.6333,1.87083,1.02731,-2.69922,0.9,14.716,0.0150001
20.65,1.87725,1.04087,-2.69922,0.9,14.731,0.0150001
20.6667,1.88367,1.05442,-2.69922,0.9,14.746,0.015
20.6833,1.8901,1.06798,-2.69922,0.9,14.761,0.0150001
20.7,1.89652,1.08154,-2.69922,0.9,14.776,0.0150001
20.7167,1.90294,1.09509,-2.69922,0.9,14.791,0.015
20.7333,1.90936,1.10865,-2.69922,0.9,14.806,0.0150001
20.75,1.91574,1.12211,-2.69922,0.887334,14.8209,0.0148944
20.7667,1.92195,1.13522,-2.69922,0.854001,14.8354,0.0145111
20.7833,1.92792,1.14783,-2.69922,0.820668,14.8493,0.0139556
20.8,1.93366,1.15994,-2.69922,0.787334,14.8627,0.0134
20.8167,1.93916,1.17155,-2.69922,0.754001,14.8756,0.0128444
20.8333,1.94442,1.18266,-2.69922,0.720667,14.8879,0.012289
20.85,1.94944,1.19326,-2.69922,0.687334,14.8996,0.0117334
20.8667,1.95423,1.20336,-2.69922,0.654001,14.9108,0.0111778
20.8833,1.95877,1.21296,-2.69922,0.620667,14.9214,0.0106222
20.9,1.96308,1.22206,-2.69922,0.587334,14.9315,0.0100667
20.9167,1.96715,1.23066,-2.69922,0.554001,14.941,0.00951115
20.9333,1.97099,1.23875,-2.69922,0.520667,14.9499,0.00895557
20.95,1.97458,1.24634,-2.69922,0.487334,14.9583,0.00839998
20.9667,1.97794,1.25343,-2.69922,0.454001,14.9662,0.00784451
20.9833,1.98106,1.26002,-2.69922,0.420667,14.9735,0.00728887
21,1.98394,1.2661,-2.69922,0.387334,14.9802,0.00673334
21.0167,1.98659,1.27169,-2.69922,0.354001,14.9864,0.00617781
21.0333,1.989,1.27677,-2.69922,0.320667,14.992,0.00562228
21.05,1.99116,1.28135,-2.69922,0.287334,14.9971,0.00506664
21.0667,1.9931,1.28542,-2.69922,0.254001,15.0016,0.00451111
21.0833,1.99479,1.289,-2.69923,0.220667,15.0055,0.00395558
21.1,1.99624,1.29207,-2.69922,0.187334,15.0089,0.00340005
21.1167,1.99746,1.29464,-2.69923,0.154001,15.0118,0.00284441
21.1333,1.99844,1.29671,-2.69922,0.120667,15.0141,0.00228888
21.15,1.99918,1.29828,-2.69924,0.087334,15.0158,0.00173335
21.1667,1.99969,1.29934,-2.69922,0.0540007,15.017,0.00117777
21.1833,1.99995,1.2999,-2.69916,0.0206673,15.0176,0.000622237
21.2,2,1.3,-2.69943,0,15.0177,0.000106702
21.2167,2.00016,1.30016,-2.65276,0.0266667,15.0179,0.000222198
21.2333,2.00063,1.30063,-2.6061,0.0533333,15.0186,0.000666595
21.25,2.00141,1.30141,-2.55943,0.08,15.0197,0.00111108
21.2667,2.00251,1.30251,-2.51276,0.106667,15.0213,0.00155564
21.2833,2.00393,1.30393,-2.4661,0.133333,15.0233,0.00200004
21.3,2.00566,1.30566,-2.41943,0.16,15.0257,0.00244452
21.3167,2.0077,1.3077,-2.37276,0.186667,15.0286,0.00288891
21.3333,2.01006,1.31006,-2.35619,0.213333,15.0319,0.00333331
21.35,2.01273,1.31273,-2.35619,0.24,15.0357,0.00377771
21.3667,2.01571,1.31571,-2.35619,0.266667,15.0399,0.00422219
21.3833,2.01901,1.31901,-2.35619,0.293333,15.0446,0.00466658
21.4,2.02263,1.32263,-2.35619,0.32,15.0497,0.00511115
21.4167,2.02656,1.32656,-2.35619,0.346667,15.0553,0.00555563
21.4333,2.0308,1.3308,-2.35619,0.373333,15.0613,0.00600003
21.45,2.03536,1.33536,-2.35619,0.4,15.0677,0.00644442
21.4667,2.04023,1.34023,-2.35619,0.426667,15.0746,0.00688882
21.4833,2.04541,1.34541,-2.35619,0.453333,15.0819,0.0073333
21.5,2.05091,1.35091,-2.35619,0.48,15.0897,0.0077777
21.5167,2.05673,1.35673,-2.35619,0.506667,15.0979,0.00822226
21.5333,2.06285,1.36285,-2.35619,0.533333,15.1066,0.00866674
21.55,2.0693,1.3693,-2.35619,0.56,15.1157,0.00911114
21.5667,2.07605,1.37605,-2.35619,0.586667,15.1253,0.00955553
21.5833,2.08312,1.38312,-2.35619,0.613333,15.1353,0.00999993
21.6,2.09051,1.39051,-2.35619,0.64,15.1457,0.0104444
21.6167,2.09821,1.39821,-2.35619,0.666667,15.1566,0.0108888
21.6333,2.10622,1.40622,-2.35619,0.693333,15.1679,0.0113334
21.65,2.11455,1.41455,-2.35619,0.72,15.1797,0.0117779
21.6667,2.12319,1.42319,-2.35619,0.746666,15.1919,0.0122222
21.6833,2.13215,1.43215,-2.35619,0.773333,15.2046,0.0126666
21.7,2.14142,1.44142,-2.35619,0.8,15.2177,0.013111
21.7167,2.15101,1.45101,-2.35619,0.826666,15.2313,0.0135555
21.7333,2.16091,1.46091,-2.35619,0.853333,15.2453,0.0139999
21.75,2.17112,1.47112,-2.35619,0.88,15.2597,0.0144445
21.7667,2.18161,1.48161,-2.35619,0.9,15.2746,0.0148333
21.7833,2.19221,1.49222,-2.35619,0.9,15.2896,0.015
21.8,2.20282,1.50282,-2.35619,0.9,15.3046,0.015
21.8167,2.21343,1.51343,-2.35619,0.9,15.3196,0.015
21.8333,2.22403,1.52404,-2.35619,0.9,15.3346,0.015
21.85,2.23464,1.53464,-2.35619,0.9,15.3496,0.015
21.8667,2.24525,1.54525,-2.35619,0.9,15.3646,0.015
21.8833,2.25585,1.55586,-2.35619,0.9,15.3796,0.015
21.9,2.26646,1.56646,-2.35619,0.9,15.3946,0.015
21.9167,2.27707,1.57707,-2.35619,0.9,15.4096,0.015
21.9333,2.28767,1.58768,-2.35619,0.9,15.4246,0.015
21.95,2.29828,1.59828,-2.35619,0.9,15.4396,0.015
21.9667,2.30889,1.60889,-2.35619,0.9,15.4546,0.015
21.9833,2.31949,1.6195,-2.35619,0.9,15.4696,0.015
22,2.3301,1.6301,-2.35619,0.9,15.4846,0.015
22.0167,2.34071,1.64071,-2.35619,0.9,15.4996,0.015
22.0333,2.35131,1.65132,-2.35619,0.9,15.5146,0.015
22.05,2.36192,1.66192,-2.35619,0.9,15.5296,0.015
22.0667,2.37253,1.67253,-2.35619,0.9,15.5446,0.015
22.0833,2.38313,1.68314,-2.35619,0.9,15.5596,0.015
22.1,2.39374,1.69374,-2.35619,0.9,15.5746,0.015
22.1167,2.40435,1.70435,-2.35619,0.9,15.5896,0.015
22.1333,2.41495,1.71496,-2.35619,0.9,15.6046,0.015
22.15,2.42556,1.72556,-2.35619,0.9,15.6196,0.015
22.1667,2.43617,1.73617,-2.35619,0.9,15.6346,0.015
22.1833,2.44677,1.74678,-2.35619,0.9,15.6496,0.015
22.2,2.45738,1.75738,-2.35619,0.9,15.6646,0.015
22.2167,2.46798,1.76799,-2.35619,0.9,15.6796,0.015
22.2333,2.47859,1.7786,-2.35619,0.9,15.6946,0.015
22.25,2.4892,1.7892,-2.35619,0.9,15.7096,0.015
22.2667,2.4998,1.79981,-2.35619,0.9,15.7246,0.015
22.2833,2.51041,1.81042,-2.35619,0.9,15.7396,0.015
22.3,2.52102,1.82102,-2.35619,0.9,15.7546,0.015
22.3167,2.53162,1.83163,-2.35619,0.9,15.7696,0.015
22.3333,2.54223,1.84223,-2.35619,0.9,15.7846,0.015
22.35,2.55284,1.85284,-2.35619,0.9,15.7996,0.015
22.3667,2.56344,1.86345,-2.35619,0.9,15.8146,0.015
22.3833,2.57405,1.87405,-2.35619,0.9,15.8296,0.015
22.4,2.58466,1.88466,-2.35619,0.9,15.8446,0.015
22.4167,2.59526,1.89527,-2.35619,0.9,15.8596,0.015
22.4333,2.60587,1.90587,-2.35619,0.9,15.8746,0.015
22.45,2.61648,1.91648,-2.35619,0.9,15.8896,0.015
22.4667,2.62708,1.92709,-2.35619,0.9,15.9046,0.015
22.4833,2.63769,1.93769,-2.35619,0.9,15.9196,0.015
22.5,2.6483,1.9483,-2.35619,0.9,15.9346,0.0149999
22.5167,2.6589,1.95891,-2.35619,0.9,15.9496,0.015
22.5333,2.66951,1.96951,-2.35619,0.9,15.9646,0.0149999
22.55,2.68012,1.98012,-2.35619,0.9,15.9796,0.0149999
22.5667,2.69072,1.99073,-2.35619,0.9,15.9946,0.0149999
22.5833,2.70133,2.00133,-2.35619,0.9,16.0096,0.015
22.6,2.71193,2.01194,-2.35619,0.9,16.0246,0.0149999
22.6167,2.72254,2.02255,-2.35619,0.9,16.0396,0.0149999
22.6333,2.73315,2.03315,-2.35619,0.9,16.0546,0.0149999
22.65,2.74375,2.04376,-2.35619,0.9,16.0696,0.0149999
22.6667,2.75436,2.05437,-2.35619,0.9,16.0846,0.0149999
22.6833,2.76497,2.06497,-2.35619,0.9,16.0996,0.0149999
22.7,2.77557,2.07558,-2.35619,0.9,16.1146,0.0149999
22.7167,2.78618,2.08619,-2.35619,0.9,16.1296,0.0149999
22.7333,2.79679,2.09679,-2.35619,0.9,16.1446,0.0149999
22.75,2.80739,2.1074,-2.35619,0.9,16.1596,0.0149999
22.7667,2.818,2.11801,-2.35619,0.9,16.1746,0.0149999
22.7833,2.82861,2.12861,-2.35619,0.9,16.1896,0.0149999
22.8,2.83921,2.13922,-2.35619,0.9,16.2046,0.0149999
22.8167,2.84982,2.14983,-2.35619,0.9,16.2196,0.0149999
22.8333,2.86043,2.16043,-2.35619,0.9,16.2346,0.0149999
22.85,2.87103,2.17104,-2.35619,0.9,16.2496,0.0149999
22.8667,2.88164,2.18165,-2.35619,0.9,16.2646,0.0149999
22.8833,2.89225,2.19225,-2.35619,0.9,16.2796,0.0149999
22.9,2.90285,2.20286,-2.35619,0.9,16.2946,0.0149999
22.9167,2.91346,2.21346,-2.35619,0.9,16.3096,0.0149999
22.9333,2.92407,2.22407,-2.35619,0.9,16.3246,0.0149999
22.95,2.93467,2.23468,-2.35619,0.9,16.3396,0.0149999
22.9667,2.94528,2.24528,-2.35619,0.9,16.3546,0.0149999
22.9833,2.95588,2.25589,-2.35619,0.9,16.3696,0.0149999
23,2.96649,2.2665,-2.35619,0.9,16.3846,0.0149999
23.0167,2.9771,2.2771,-2.35619,0.9,16.3996,0.0149999
23.0333,2.9877,2.28771,-2.35619,0.9,16.4146,0.0149999
23.05,2.99831,2.29832,-2.35619,0.9,16.4296,0.0149999
23.0667,3.00892,2.30892,-2.35619,0.9,16.4446,0.0149999
23.0833,3.01952,2.31953,-2.35619,0.9,16.4596,0.0149999
23.1,3.03013,2.33014,-2.35619,0.9,16.4746,0.0149999
23.1167,3.04074,2.34074,-2.35619,0.9,16.4895,0.0149999
23.1333,3.05134,2.35135,-2.35619,0.9,16.5045,0.0149999
23.15,3.06195,2.36196,-2.35619,0.9,16.5195,0.0149999
23.1667,3.07256,2.37256,-2.35619,0.9,16.5345,0.0149999
23.1833,3.08316,2.38317,-2.35619,0.9,16.5495,0.0149999
23.2,3.09377,2.39378,-2.35619,0.9,16.5645,0.0149999
23.2167,3.10438,2.40438,-2.35619,0.9,16.5795,0.0149999
23.2333,3.11498,2.41499,-2.35619,0.9,16.5945,0.0149999
23.25,3.12559,2.4256,-2.35619,0.9,16.6095,0.0149999
23.2667,3.1362,2.4362,-2.35619,0.9,16.6245,0.0149999
23.2833,3.1468,2.44681,-2.35619,0.9,16.6395,0.0149999
23.3,3.15741,2.45741,-2.35619,0.9,16.6545,0.0149999
23.3167,3.16802,2.46802,-2.35619,0.9,16.6695,0.0149999
23.3333,3.17862,2.47863,-2.35619,0.9,16.6845,0.0149999
23.35,3.18923,2.48923,-2.35619,0.9,16.6995,0.0149999
23.3667,3.19984,2.49984,-2.35619,0.9,16.7145,0.0149999
23.3833,3.21044,2.51045,-2.35619,0.9,16.7295,0.0149999
23.4,3.22105,2.52105,-2.35619,0.9,16.7445,0.0149999
23.4167,3.23165,2.53166,-2.35619,0.9,16.7595,0.0149999
23.4333,3.24226,2.54227,-2.35619,0.9,16.7745,0.0149999
23.45,3.25287,2.55287,-2.35619,0.9,16.7895,0.0149999
23.4667,3.26347,2.56348,-2.35619,0.9,16.8045,0.0149999
23.4833,3.27408,2.57409,-2.35619,0.9,16.8195,0.0149999
23.5,3.28469,2.58469,-2.35619,0.9,16.8345,0.0149999
23.5167,3.29529,2.5953,-2.35619,0.9,16.8495,0.0149999
23.5333,3.3059,2.60591,-2.35619,0.9,16.8645,0.0149999
23.55,3.31651,2.61651,-2.35619,0.9,16.8795,0.0149999
23.5667,3.32711,2.62712,-2.35619,0.9,16.8945,0.0149999
23.5833,3.33772,2.63773,-2.35619,0.9,16.9095,0.0149999
23.6,3.34833,2.64833,-2.35619,0.9,16.9245,0.0149999
23.6167,3.35893,2.65894,-2.35619,0.9,16.9395,0.0149999
23.6333,3.36954,2.66955,-2.35619,0.9,16.9545,0.0149999
23.65,3.38015,2.68015,-2.35619,0.9,16.9695,0.0149999
23.6667,3.39075,2.69076,-2.35619,0.9,16.9845,0.0149999
23.6833,3.40136,2.70136,-2.35619,0.9,16.9995,0.0149999
23.7,3.41197,2.71197,-2.35619,0.9,17.0145,0.0149999
23.7167,3.42257,2.72258,-2.35619,0.9,17.0295,0.0149999
23.7333,3.43318,2.73318,-2.35619,0.9,17.0445,0.0149999
23.75,3.44379,2.74379,-2.35619,0.9,17.0595,0.0149999
23.7667,3.45439,2.7544,-2.35619,0.9,17.0745,0.0149999
23.7833,3.465,2.765,-2.35619,0.9,17.0895,0.0149999
23.8,3.4756,2.77561,-2.35619,0.9,17.1045,0.0149999
23.8167,3.48621,2.78622,-2.35619,0.9,17.1195,0.0149999
23.8333,3.49682,2.79682,-2.35619,0.9,17.1345,0.0149999
23.85,3.50742,2.80743,-2.35619,0.9,17.1495,0.0149999
23.8667,3.51803,2.81804,-2.35619,0.9,17.1645,0.0149999
23.8833,3.52864,2.82864,-2.35619,0.9,17.1795,0.0149999
23.9,3.53924,2.83925,-2.35619,0.9,17.1945,0.0149999
23.9167,3.54985,2.84986,-2.35619,0.9,17.2095,0.0149999
23.9333,3.56046,2.86046,-2.35619,0.9,17.2245,0.0149999
23.95,3.57106,2.87107,-2.35619,0.9,17.2395,0.0149999
23.9667,3.58167,2.88168,-2.35619,0.9,17.2545,0.0149999
23.9833,3.59228,2.89228,-2.35619,0.9,17.2695,0.0149999
24,3.60288,2.90289,-2.35619,0.9,17.2845,0.0149999
24.0167,3.61349,2.9135,-2.35619,0.9,17.2995,0.0149999
24.0333,3.6241,2.9241,-2.35619,0.9,17.3145,0.0149999
24.05,3.6347,2.93471,-2.35619,0.9,17.3295,0.0149999
24.0667,3.64531,2.94532,-2.35619,0.9,17.3445,0.0149999
24.0833,3.65592,2.95592,-2.35619,0.9,17.3595,0.0149999
24.1,3.66652,2.96653,-2.35619,0.9,17.3745,0.0149999
24.1167,3.67713,2.97713,-2.35619,0.9,17.3895,0.0149999
24.1333,3.68774,2.98774,-2.35619,0.9,17.4045,0.0149999
24.15,3.69834,2.99835,-2.35619,0.9,17.4195,0.0149999
24.1667,3.70895,3.00895,-2.35619,0.9,17.4345,0.0149999
24.1833,3.71955,3.01956,-2.35619,0.9,17.4495,0.0149999
24.2,3.73016,3.03017,-2.35619,0.9,17.4645,0.0149999
24.2167,3.74077,3.04077,-2.35619,0.9,17.4795,0.0149999
24.2333,3.75137,3.05138,-2.35619,0.9,17.4945,0.0149999
24.25,3.76198,3.06199,-2.35619,0.9,17.5095,0.0149999
24.2667,3.77259,3.07259,-2.35619,0.9,17.5245,0.0149999
24.2833,3.78319,3.0832,-2.35619,0.9,17.5395,0.0149999
24.3,3.7938,3.09381,-2.35619,0.9,17.5545,0.0149999
24.3167,3.80441,3.10441,-2.35619,0.9,17.5695,0.0149999
24.3333,3.81501,3.11502,-2.35619,0.9,17.5845,0.0149999
24.35,3.82562,3.12563,-2.35619,0.9,17.5995,0.0149999
24.3667,3.83623,3.13623,-2.35619,0.9,17.6145,0.0149999
24.3833,3.84683,3.14684,-2.35619,0.9,17.6295,0.0149999
24.4,3.85744,3.15745,-2.35619,0.9,17.6445,0.0149999
24.4167,3.86805,3.16805,-2.35619,0.9,17.6595,0.0149999
24.4333,3.87865,3.17866,-2.35619,0.9,17.6745,0.0150001
24.45,3.88926,3.18927,-2.35619,0.9,17.6895,0.0149999
24.4667,3.89987,3.19987,-2.35619,0.9,17.7045,0.0149999
24.4833,3.91047,3.21048,-2.35619,0.9,17.7195,0.0150001
24.5,3.92108,3.22108,-2.35619,0.9,17.7345,0.0149999
24.5167,3.93169,3.23169,-2.35619,0.9,17.7495,0.0149999
24.5333,3.94229,3.2423,-2.35619,0.9,17.7645,0.0150001
24.55,3.9529,3.2529,-2.35619,0.9,17.7795,0.0149999
24.5667,3.96351,3.26351,-2.35619,0.9,17.7945,0.0149999
24.5833,3.97411,3.27412,-2.35619,0.9,17.8095,0.0150001
24.6,3.98472,3.28472,-2.35619,0.9,17.8245,0.0149999
24.6167,3.99533,3.29533,-2.35619,0.9,17.8395,0.0150001
24.6333,4.00593,3.30594,-2.35619,0.9,17.8545,0.0149999
24.65,4.01654,3.31654,-2.35619,0.9,17.8695,0.0150001
24.6667,4.02715,3.32715,-2.35619,0.9,17.8845,0.0150001
24.6833,4.03775,3.33776,-2.35619,0.9,17.8995,0.0150001
24.7,4.04836,3.34836,-2.35619,0.9,17.9145,0.0150001
24.7167,4.05897,3.35897,-2.35619,0.9,17.9295,0.0150001
24.7333,4.06957,3.36958,-2.35619,0.9,17.9445,0.0150001
24.75,4.08018,3.38018,-2.35619,0.9,17.9595,0.0150001
24.7667,4.09079,3.39079,-2.35619,0.9,17.9745,0.0150001
24.7833,4.10139,3.4014,-2.35619,0.9,17.9895,0.0150001
24.8,4.112,3.412,-2.35619,0.9,18.0045,0.0150001
24.8167,4.12261,3.42261,-2.35619,0.9,18.0195,0.0150001
24.8333,4.13321,3.43322,-2.35619,0.9,18.0345,0.0150001
24.85,4.14382,3.44382,-2.35619,0.9,18.0495,0.0150001
24.8667,4.15443,3.45443,-2.35619,0.9,18.0645,0.0150001
24.8833,4.16503,3.46503,-2.35619,0.9,18.0795,0.0150001
24.9,4.17564,3.47564,-2.35619,0.9,18.0945,0.0150001
24.9167,4.18625,3.48625,-2.35619,0.9,18.1095,0.0150001
24.9333,4.19685,3.49685,-2.35619,0.9,18.1245,0.0150001
24.95,4.20746,3.50746,-2.35619,0.9,18.1395,0.0150001
24.9667,4.21807,3.51807,-2.35619,0.9,18.1545,0.0150001
24.9833,4.22867,3.52867,-2.35619,0.9,18.1695,0.0150001
25,4.23928,3.53928,-2.3562,0.9,18.1845,0.0150001
25.0167,4.24989,3.54989,-2.3562,0.9,18.1995,0.0150001
25.0333,4.26049,3.56049,-2.3562,0.9,18.2145,0.0150001
25.05,4.2711,3.5711,-2.3562,0.9,18.2295,0.0150001
25.0667,4.28171,3.58171,-2.3562,0.9,18.2445,0.0150001
25.0833,4.29232,3.59231,-2.3562,0.9,18.2595,0.0150001
25.1,4.30292,3.60292,-2.3562,0.9,18.2745,0.0150001
25.1167,4.31353,3.61353,-2.3562,0.9,18.2895,0.0150002
25.1333,4.32414,3.62413,-2.3562,0.9,18.3045,0.0150002
25.15,4.33474,3.63474,-2.3562,0.9,18.3195,0.0150002
25.1667,4.34535,3.64535,-2.3562,0.9,18.3345,0.0150002
25.1833,4.35596,3.65595,-2.3562,0.9,18.3495,0.0150002
25.2,4.36656,3.66656,-2.3562,0.9,18.3645,0.0150002
25.2167,4.37717,3.67717,-2.3562,0.9,18.3795,0.0150002
25.2333,4.38778,3.68777,-2.3562,0.9,18.3945,0.0150002
25.25,4.39838,3.69838,-2.3562,0.9,18.4095,0.0150002
25.2667,4.40895,3.70895,-2.3562,0.893258,18.4244,0.0149438
25.2833,4.41928,3.71928,-2.3562,0.859924,18.439,0.0146098
25.3,4.42922,3.72922,-2.3562,0.826591,18.4531,0.0140543
25.3167,4.43876,3.73876,-2.3562,0.793258,18.4666,0.0134986
25.3333,4.44791,3.74791,-2.3562,0.759925,18.4795,0.012943
25.35,4.45667,3.75667,-2.3562,0.726592,18.4919,0.0123878
25.3667,4.46504,3.76504,-2.3562,0.693259,18.5037,0.0118321
25.3833,4.47301,3.77301,-2.3562,0.659925,18.515,0.0112765
25.4,4.4806,3.78059,-2.3562,0.626592,18.5257,0.010721
25.4167,4.48778,3.78778,-2.3562,0.593259,18.5359,0.0101653
25.4333,4.49458,3.79458,-2.3562,0.559925,18.5455,0.00960965
25.45,4.50098,3.80098,-2.3562,0.526593,18.5546,0.00905449
25.4667,4.50699,3.80699,-2.3562,0.49326,18.5631,0.00849883
25.4833,4.51261,3.81261,-2.3562,0.459926,18.571,0.00794316
25.5,4.51783,3.81783,-2.3562,0.426593,18.5784,0.00738767
25.5167,4.52266,3.82266,-2.3562,0.39326,18.5852,0.006832
25.5333,4.5271,3.8271,-2.35619,0.359926,18.5915,0.00627668
25.55,4.53115,3.83115,-2.3562,0.326593,18.5972,0.00572118
25.5667,4.5348,3.8348,-2.3562,0.29326,18.6024,0.00516552
25.5833,4.53806,3.83806,-2.3562,0.259926,18.607,0.00460985
25.6,4.54092,3.84092,-2.3562,0.226593,18.6111,0.00405436
25.6167,4.5434,3.8434,-2.35619,0.19326,18.6146,0.00349869
25.6333,4.54548,3.84548,-2.35618,0.159926,18.6175,0.00294337
25.65,4.54717,3.84717,-2.35619,0.126593,18.6199,0.0023877
25.6667,4.54846,3.84846,-2.35624,0.0932595,18.6217,0.00183221
25.6833,4.54937,3.84937,-2.35627,0.0599262,18.623,0.00127654
25.7,4.54988,3.84988,-2.35638,0.0265929,18.6237,0.000721048
25.7167,4.55,3.85,-2.35619,0,18.6239,0.000176005
25.7333,4.55,3.85,-2.30953,0,18.6239,0
25.75,4.55,3.85,-2.26286,0,18.6239,0
25.7667,4.55,3.85,-2.21619,0,18.6239,0
25.7833,4.55021,3.85007,-2.16953,0.0266667,18.6241,0.000222188
25.8,4.55084,3.85028,-2.12286,0.0533333,18.6248,0.000666488
25.8167,4.5519,3.85063,-2.07619,0.08,18.6259,0.00111132
25.8333,4.55337,3.85112,-2.02953,0.106667,18.6274,0.00155562
25.85,4.55527,3.85176,-1.98286,0.133333,18.6294,0.00199999
25.8667,4.55759,3.85253,-1.93619,0.16,18.6319,0.00244429
25.8833,4.56033,3.85344,-1.89255,0.186667,18.6348,0.00288912
25.9,4.56349,3.8545,-1.89255,0.213333,18.6381,0.00333342
25.9167,4.56708,3.85569,-1.89255,0.24,18.6419,0.0037778
25.9333,4.57108,3.85703,-1.89255,0.266667,18.6461,0.0042221
25.95,4.57551,3.8585,-1.89255,0.293333,18.6508,0.00466647
25.9667,4.58036,3.86012,-1.89255,0.32,18.6559,0.00511122
25.9833,4.58563,3.86188,-1.89255,0.346667,18.6615,0.0055556
26,4.59132,3.86377,-1.89255,0.373333,18.6675,0.0059999
26.0167,4.59743,3.86581,-1.89255,0.4,18.6739,0.00644428
26.0333,4.60397,3.86799,-1.89255,0.426667,18.6808,0.00688903
26.05,4.61093,3.87031,-1.89255,0.453333,18.6881,0.0073334
26.0667,4.61831,3.87277,-1.89255,0.48,18.6959,0.0077777
26.0833,4.62611,3.87537,-1.89255,0.506667,18.7041,0.00822208
26.1,4.63433,3.87811,-1.89254,0.533333,18.7128,0.00866683
26.1167,4.64297,3.88099,-1.89254,0.56,18.7219,0.00911121
26.1333,4.65204,3.88401,-1.89254,0.586667,18.7315,0.00955551
26.15,4.66152,3.88718,-1.89254,0.613333,18.7415,0.00999981
26.1667,4.67143,3.89048,-1.89254,0.64,18.7519,0.0104446
26.1833,4.68176,3.89392,-1.89254,0.666667,18.7628,0.0108889
26.2,4.69251,3.89751,-1.89255,0.693333,18.7741,0.0113333
26.2167,4.70369,3.90123,-1.89255,0.72,18.7859,0.0117776
26.2333,4.71528,3.90509,-1.89255,0.746666,18.7981,0.0122224
26.25,4.7273,3.9091,-1.89255,0.773333,18.8108,0.0126667
26.2667,4.73974,3.91325,-1.89255,0.8,18.8239,0.0131111
26.2833,4.7526,3.91753,-1.89255,0.826666,18.8375,0.0135554
26.3,4.76588,3.92196,-1.89255,0.853333,18.8515,0.0139998
26.3167,4.77958,3.92653,-1.89255,0.88,18.8659,0.0144445
26.3333,4.79365,3.93122,-1.89255,0.9,18.8807,0.0148331
26.35,4.80788,3.93596,-1.89255,0.9,18.8957,0.015
26.3667,4.82185,3.94062,-1.89255,0.866686,18.9105,0.0147225
26.3833,4.83529,3.9451,-1.89255,0.833352,18.9246,0.0141671
26.4,4.8482,3.9494,-1.89255,0.800019,18.9382,0.0136113
26.4167,4.86059,3.95353,-1.89255,0.766685,18.9513,0.0130559
26.4333,4.87245,3.95748,-1.89255,0.733352,18.9638,0.0125004
26.45,4.88378,3.96126,-1.89255,0.700019,18.9757,0.0119445
26.4667,4.89458,3.96486,-1.89255,0.666686,18.9871,0.0113891
26.4833,4.90486,3.96829,-1.89255,0.633353,18.998,0.0108337
26.5,4.91461,3.97154,-1.89255,0.600019,19.0082,0.0102782
26.5167,4.92384,3.97461,-1.89255,0.566686,19.018,0.00972243
26.5333,4.93253,3.97751,-1.89255,0.533352,19.0271,0.009167
26.55,4.9407,3.98023,-1.89255,0.500019,19.0357,0.00861157
26.5667,4.94835,3.98278,-1.89255,0.466686,19.0438,0.00805568
26.5833,4.95546,3.98515,-1.89254,0.433352,19.0513,0.00750025
26.6,4.96205,3.98735,-1.89254,0.400019,19.0582,0.00694482
26.6167,4.96811,3.98937,-1.89254,0.366686,19.0646,0.00638939
26.6333,4.97364,3.99121,-1.89255,0.333353,19.0705,0.00583358
26.65,4.97865,3.99288,-1.89254,0.300019,19.0757,0.00527815
26.6667,4.98313,3.99438,-1.89254,0.266686,19.0805,0.00472272
26.6833,4.98709,3.9957,-1.89254,0.233353,19.0846,0.00416683
26.7,4.99051,3.99684,-1.89253,0.200019,19.0882,0.0036114
26.7167,4.99341,3.9978,-1.89252,0.166686,19.0913,0.00305597
26.7333,4.99578,3.99859,-1.89253,0.133353,19.0938,0.00250054
26.75,4.99763,3.99921,-1.89255,0.100019,19.0957,0.00194465
26.7667,4.99895,3.99965,-1.89258,0.0666861,19.0971,0.0013893
26.7833,4.99974,3.99991,-1.89255,0.0333528,19.098,0.000833864
26.8,5,4,-1.89255,0,19.0982,0.000277452
